Paper ID,Title,Authors,Venue,Publication Year,Topic,Citation Count,Total Sample Size,Devices,Device Types,Device Manufacturers,Study Settings,Tasks,Performance Measures,DOI,Mendeley,OpenAlex,PMID,PMCID
adamakis2020,Criterion validity of wearable monitors and smartphone applications to measure physical activity energy expenditure in adolescents,Manolis Adamakis,Sport Sciences for Health,2020,Physical Activity and Health,4,12,"Garmin  Forerunner  310XT, Runkeeper on Samsung S8, Runtastic on Samsung S8, Garmin Vivofit, Medisana Vifit, Accupedo Pedometer on Samsung S8, Pedometer 2.0 on Samsung S8, SenseWear Armband Pro 3, Sports Tracker on Samsung S8","Wearable, Smartphone app","Garmin, ASICS Digital, Run-tastic, Medisana, Corusen, DSD, BodyMedia, Sports Tracking Technologies",In lab,"Submaximal running (> 6 km/hr), Walking (between 3 and 6 km/hr)","MAPE, Bland-Altman",https://doi.org/10.1007/s11332-020-00654-2,https://www.mendeley.com/catalogue/54e853cc-66b7-3f3b-9baa-ec852efa9d1e/,https://openalex.org/W3033485334,,
agredo2018,Analysis of energy expenditure based on the use of Shimmer sensors during physical activity among secondary school students in a Cali city educational institution,"W. Agredo,Jessica Quiceno,Laura Quintero",2018 IX International Seminar of Biomedical Engineering (SIB),2018,Health and Lifestyle Studies,0,29,"Shimmer accelerometer, Shimmer ECG, Shimmer EMG",Wearable,Shimmer Research,Other,Leger test (maximal multistage 20m shuttle run),"RMSE, Mean Error",https://doi.org/10.1109/SIB.2018.8467746,https://www.mendeley.com/catalogue/6d2010d8-92fd-3167-b053-ec08a52e26bc/,https://openalex.org/W2889870327,,
ahmadi2018,Machine learning algorithms for activity recognition in ambulant children and adolescents with cerebral palsy,"Matthew Ahmadi,Margaret E. OʼNeil,Maria A. Fragala-Pinkham,Nancy Lennon,Stewart G. Trost",Journal of NeuroEngineering and Rehabilitation,2018,Cerebral Palsy and Movement Disorders,76,22,ActiGraph GT3X+,Wearable,ActiGraph,In lab,"Sedentary Position, Comfortable Walking",Accuracy,https://doi.org/10.1186/s12984-018-0456-x,https://www.mendeley.com/catalogue/5010d885-b33b-30c6-a23e-c88859986eec/,https://openalex.org/W2901087326,https://pubmed.ncbi.nlm.nih.gov/30442154,https://www.ncbi.nlm.nih.gov/pmc/articles/6238270
ahmadi2020,"Machine learning to quantify physical activity in children with cerebral palsy: Comparison of group, group-personalized, and fully-personalized activity classification models","Matthew Ahmadi,Margaret E. OʼNeil,Emmah Baque,Roslyn N. Boyd,Stewart G. Trost",Sensors,2020,Cerebral Palsy and Movement Disorders,35,76,ActiGraph GT3X+,Wearable,ActiGraph,"In lab, Simulated free living","Sedentary Position, Comfortable Walking",Accuracy,https://doi.org/10.3390/s20143976,https://www.mendeley.com/catalogue/35b8c532-3c75-35b1-9709-1af1848c3ade/,https://openalex.org/W3042875100,https://pubmed.ncbi.nlm.nih.gov/32708963,https://www.ncbi.nlm.nih.gov/pmc/articles/7411900
alam2021,AI-fairness towards activity recognition of older adults,Mohammad Arif Ul Alam,"MobiQuitous '20: MobiQuitous 2020 - 17th EAI International Conference on Mobile and Ubiquitous Systems: Computing, Networking and Services",2021,Context-Aware Activity Recognition Systems,11,27,Empatica E4,Wearable,Empatica,In lab,"Hand gestures, Postural Activity, ADLs","Accuracy, False Positive Rate, Precision, Recall, AUROC",https://doi.org/10.1145/3448891.3448943,https://www.mendeley.com/catalogue/2ee094c3-ae24-3428-9df0-8e0dfb31872e/,https://openalex.org/W3194659600,,
altamimi2018,Evaluating Contemporary Physical Activity SelfMonitoring Technology Performance,"Reem Altamimi,Geoff Skinner",2018 12th International Symposium on Medical Information and Communication Technology (ISMICT),2018,Innovative Human-Technology Interaction,2,1,"Fitbit Surge, Jawbone UP3",Wearable,"Fitbit, Jawbone",In lab,"500m Walk, Stair climb",MAPE,https://doi.org/10.1109/ISMICT.2018.8573691,https://www.mendeley.com/catalogue/861cd131-013c-3371-aacc-b2af640ce9c6,https://openalex.org/W2905050685,,
altenbuchner2020,"Comparing Monitoring Results of Two
Motion Trackers for Geriatric Patients ","Amelie Altenbuchner,Vanessa Mücke,Sonja Haug",Studies in health technology and informatics,2020,Context-Aware Activity Recognition Systems,3,1,"Fitbit Alta HR, Garmin Vivosmart 4",Wearable,"Fitbit, Garmin",In lab,Walking,MAPE,https://doi.org/10.3233/SHTI200078,https://www.mendeley.com/catalogue/a9a62cba-8d18-3db7-bd30-701ec0455d2b,https://openalex.org/W3037881842,https://pubmed.ncbi.nlm.nih.gov/32578545,
ata2018,Clinical validation of smartphone-based activity tracking in peripheral artery disease patients,"Raheel Ata,Neil Gandhi,Hannah Rasmussen,Osama El-Gabalawy,Santiago Ortega‐Gutiérrez,Alizeh Ahmad,Siddharth Suresh,Roshini Ravi,Kara A. Rothenberg,Oliver Aalami",npj Digital Medicine,2018,Peripheral Artery Disease Management,49,114,"Actigraph GT9X, VascTrac on iPhone","Wearable, Smartphone app","ActiGraph, Custom",In lab,6 min Walking Test,Bias,https://doi.org/10.1038/s41746-018-0073-x,https://www.mendeley.com/catalogue/d7e72101-1e35-3fca-857e-3f03264d3544,https://openalex.org/W2902631161,https://pubmed.ncbi.nlm.nih.gov/31304343,https://www.ncbi.nlm.nih.gov/pmc/articles/6550212
baque2017,Validity of Accelerometry to Measure Physical Activity Intensity in Children With an Acquired Brain Injury,"Emmah Baque,Leanne Sakzewski,Stewart G. Trost,Roslyn N. Boyd,Lee Barber",Pediatric Physical Therapy,2017,Cerebral Palsy and Movement Disorders,11,27,ActiGraph GT3X+,Wearable,ActiGraph,In lab,6 min Walking Test,AUROC,https://doi.org/10.1097/PEP.0000000000000439,https://www.mendeley.com/catalogue/aa6d9ffe-76a7-341a-800a-9a4e10dd320a/,https://openalex.org/W2756940577,https://pubmed.ncbi.nlm.nih.gov/28953176,
barrios2019,Evaluating the accuracy of heart rate sensors based on photoplethysmography for in-the-wild analysis,"Liliana Barrios,Pietro Oldrati,Silvia Santini,Andreas Lutterotti",PervasiveHealth'19: Proceedings of the 13th EAI International Conference on Pervasive Computing Technologies for Healthcare,2019,Non-Invasive Vital Sign Monitoring,38,20,"Empatica E4, Everion, Fitbit Charge HR, Polar OH1, Wahoo Tickr Fit",Wearable,"Empatica, Biofourmis, Fitbit, Polar, Wahoo Fitness",In lab,"Resting, Walking, Running",Bias,https://doi.org/10.1145/3329189.3329215,https://www.mendeley.com/catalogue/def90d0f-98fd-32b3-9e6f-6fd1a304df2a,https://openalex.org/W2953978148,,
bender2017,Measuring the Fitness of Fitness Trackers,A Manoj Kumar,Indian Journal of Public Health Research & Development,2017,Behavioral Health and Interventions,0,0,,,,,,,https://doi.org/10.5958/0976-5506.2017.00246.7,https://www.mendeley.com/catalogue/138f5286-2a24-39fc-9167-5d79f30e46b5/,https://openalex.org/W2756467076,,
bertuletti2019,Inter-leg Distance Measurement as a Tool for Accurate Step Counting in Patients with Multiple Sclerosis,"Stefano Bertuletti,Francesca Salis,Andrea Cereatti,Lorenza Angelini,Ellen Buckley,Krishnan Padmakumari Sivaraman Nair,Claudia Mazzà,Ugo Della Croce",2019 41st Annual International Conference of the IEEE Engineering in Medicine and Biology Society (EMBC),2019,"Balance, Gait, and Falls Prevention",3,13,SWING,Wearable,Custom,Other,6 min Walking Test,MAPE,https://doi.org/10.1109/EMBC.2019.8857353,https://www.mendeley.com/catalogue/3e779d76-6b24-37eb-b314-6699c3d347e3/,https://openalex.org/W2979626162,https://pubmed.ncbi.nlm.nih.gov/31947310,
bhat2019,An Ultra-Low Energy Human Activity Recognition Accelerator for Wearable Health Applications,"Ganapati Bhat,Yiğit Tuncel,Sizhe An,Hyung Gyu Lee,Ümit Y. Ogras",ACM Transactions on Embedded Computing Systems,2019,Context-Aware Activity Recognition Systems,29,22,,,,In lab,,Accuracy,https://doi.org/10.1145/3358175,https://www.mendeley.com/catalogue/86251597-4481-37fb-b09a-15b924042d4c,https://openalex.org/W2980092400,,
bhattacharjee2020,Sleep and Sedentary Behavior Analysis from Physiological Signals using Machine Learning,"Payel Bhattacharjee,Sambit Prasad Kar,Nirmal Kumar Rout",2020 2nd International Conference on Innovative Mechanisms for Industry Applications (ICIMIA),2020,Non-Invasive Vital Sign Monitoring,5,0,"Apple Watch, Fitbit (model not disclosed)",Wearable,"Apple, Fitbit",Unknown,,Accuracy,https://doi.org/10.1109/ICIMIA48430.2020.9074883,https://www.mendeley.com/catalogue/f005822e-82cf-3cb8-9537-134b922e47d1/,https://openalex.org/W3020580736,,
block2019,Validation of a consumer-grade activity monitor for continuous daily activity monitoring in individuals with multiple sclerosis,"Valerie J. Block,Chao Zhao,Jill A. Hollenbach,Jeffrey E. Olgin,Gregory M. Marcus,Mark J. Pletcher,Roland G. Henry,Jeffrey M. Gelfand,Bruce Cree",Multiple Sclerosis Journal - Experimental Translational and Clinical,2019,Multiple Sclerosis Research Studies,21,92,"Fitbit Flex, ActiGraph GT3X, Fitbit Flex2",Wearable,"Fitbit, ActiGraph","In lab, In home","2 Min Walking Test, Walking","Intraclass Correlation Coefficient, Mean Error",https://doi.org/10.1177/2055217319888660,https://www.mendeley.com/catalogue/62db2b5b-fcec-3f81-88cd-1033b0cefe32,https://openalex.org/W2990745514,https://pubmed.ncbi.nlm.nih.gov/31803492,https://www.ncbi.nlm.nih.gov/pmc/articles/6876176
boateng2018,GeriActive: Wearable App for Monitoring and Encouraging Physical Activity among Older Adults,"George Boateng,John A. Batsis,Patrick Proctor,Ryan J. Halter,David Kotz",2018 IEEE 15th International Conference on Wearable and Implantable Body Sensor Networks (BSN),2018,Mobile Health and mHealth Applications,18,29,GeriActive,Smartphone app,Custom,Other,Daily Activities,Accuracy,https://doi.org/10.1109/BSN.2018.8329655,https://www.mendeley.com/catalogue/2ddea6e8-caad-359f-bcd1-d081af95de9e/,https://openalex.org/W2795432000,https://pubmed.ncbi.nlm.nih.gov/29750202,https://www.ncbi.nlm.nih.gov/pmc/articles/5937929
bongartz2019,"Validity, reliability, and feasibility of the uSense activity monitor to register physical activity and gait performance in habitual settings of geriatric patients","Martin Bongartz,Rainer Kiss,André Lacroix,Tobias Eckert,Phoebe Ullrich,Carl-Philipp Jansen,Manuel Feißt,Sabato Mellone,Lorenzo Chiari,Clemens Becker,Klaus Hauer",Physiological Measurement,2019,"Balance, Gait, and Falls Prevention",16,110,uSense,Smartphone app,Custom,Other,"Walking, Lying",Bias,https://doi.org/10.1088/1361-6579/ab42d3,https://www.mendeley.com/catalogue/77839fed-ca14-3c57-b0d9-087a4c511afb/,https://openalex.org/W2972804054,https://pubmed.ncbi.nlm.nih.gov/31499487,
bowen2019,Using a Real-Time Locating System to Measure Walking Activity Associated with Wandering Behaviors Among Institutionalized Older Adults,"Mary Elizabeth Bowen,William D. Kearns,Jeremy R. Crenshaw,Steven J. Stanhope",Journal of Visualized Experiments,2019,"Balance, Gait, and Falls Prevention",7,0,,,,Unknown,,,https://doi.org/10.3791/58834,https://www.mendeley.com/catalogue/2e1018ff-48b9-3648-9623-43a604d2de8f/,https://openalex.org/W2911276407,https://pubmed.ncbi.nlm.nih.gov/30799867,
brueck2018,A Real-Time Wireless Sweat Rate Measurement System for Physical Activity Monitoring,"Andrew Brueck,Tashfin Iftekhar,Alicja B. Stannard,Kumar Yelamarthi,Tolga Kaya",Sensors,2018,Advanced Sensor and Energy Harvesting Materials,49,5,Sweat Measurement Device,Wearable,Custom,In lab,Exercise Biking,Mean Error,https://doi.org/10.3390/s18020533,https://www.mendeley.com/catalogue/c041ac1d-1777-3147-964e-f710da845341/,https://openalex.org/W2790113251,https://pubmed.ncbi.nlm.nih.gov/29439398,https://www.ncbi.nlm.nih.gov/pmc/articles/5855985
brull2020,Sensorized Tip for Monitoring People with Multiple Sclerosis that Require Assistive Devices for Walking,"Asier Brull,Asier Zubizarreta,Itziar Cabanes,Ana Rodríguez-Larrad",Sensors,2020,Multiple Sclerosis Research Studies,16,2,Sensorized Tip,Ambient,Custom,In lab,Walking,RMSE,https://doi.org/10.3390/s20154329,https://www.mendeley.com/catalogue/24df4371-e503-3dc0-8ba7-ddb094d3cf53/,https://openalex.org/W3047269081,https://pubmed.ncbi.nlm.nih.gov/32756509,https://www.ncbi.nlm.nih.gov/pmc/articles/7436237
chan2022,"Reporting adherence, validity and physical activity measures of wearable activity trackers in medical research: A systematic review","Alexandre Chan,Daniella Chan,Hui Lee,Chiu Chin Ng,Angie Hui Ling Yeo",International Journal of Medical Informatics,2022,Physical Activity and Health,74,0,,,,,,,https://doi.org/10.1016/j.ijmedinf.2022.104696,https://www.mendeley.com/catalogue/3f0a4a20-e35e-35a3-95b0-557aaa60f33a/,https://openalex.org/W4210749465,https://pubmed.ncbi.nlm.nih.gov/35121356,
chang2019,Accuracy of the energy expenditure during uphill exercise measured by the Waist-worn ActiGraph,"Chun-Hao Chang,Kuo-Chuan Lin,Chin-Shan Ho,Chi‐Chang Huang",Journal of Exercise Science & Fitness,2019,Winter Sports Injuries and Performance,12,30,ActiGraph GT3X,Wearable,ActiGraph,In lab,"0% Slope Treadmill Walking, 3% Slope Treadmill Walking, 6% Slope Treadmill Walking",MAPE,https://doi.org/10.1016/j.jesf.2019.01.003,https://www.mendeley.com/catalogue/887ac849-2851-3e2a-ab8f-576001459b66/,https://openalex.org/W2914885004,https://pubmed.ncbi.nlm.nih.gov/30792740,https://www.ncbi.nlm.nih.gov/pmc/articles/6370579
chang2020,"Reliability and validity of the physical activity monitor for assessing energy expenditures in sedentary, regularly exercising, non-endurance athlete, and endurance athlete adults","Chun-Hao Chang,Yi-Ju Hsu,Fang Li,Yu-Tsai Tu,Wei-Lun Jhang,Chih-Wen Hsu,Chi‐Chang Huang,Chin-Shan Ho",PeerJ,2020,Physical Activity and Health,7,120,Actigraph GT9X,Wearable,ActiGraph,In lab,Treadmill Walking and Running,MAPE,https://doi.org/10.7717/peerj.9717,https://www.mendeley.com/catalogue/0203e424-8549-3407-a737-979d4db6ca94/,https://openalex.org/W3080784023,https://pubmed.ncbi.nlm.nih.gov/32904158,https://www.ncbi.nlm.nih.gov/pmc/articles/7450994
chen2022,Ideal Combinations of Acceleration-Based Intensity Metrics and Sensor Positions to Monitor Exercise Intensity under Different Types of Sports,"Wei-Han Chen,C. Chiang,Nicholas J. Fiolo,Philip X. Fuchs,Tzyy-Yuang Shiang",Sensors,2022,Sports Performance and Training,5,14,Polar H10,Wearable,Polar,In lab,Across Sports,Correlation,https://doi.org/10.3390/s22072583,https://www.mendeley.com/catalogue/0ff0e804-4287-30af-bb2d-6e0859ef8ba2/,https://openalex.org/W4220815773,https://pubmed.ncbi.nlm.nih.gov/35408199,
chowdhury2017,Assessment of laboratory and daily energy expenditure estimates from consumer multi-sensor physical activity monitors.,"Enhad A. Chowdhury,Max J. Western,Tom E. Nightingale,Oliver Peacock,Dylan Thompson",PLoS ONE,2017,Physical Activity and Health,110,30,"Microsoft Band, Apple Watch, Fitbit Charge HR, Jawbone UP24, Bodymedia Armband, ActiHeart",Wearable,"Microsoft, Apple, Fitbit, Jawbone, BodyMedia, Cambridge Neurotechnology","In lab, Simulated free living",Multiple Activities,MAPE,https://doi.org/10.1371/journal.pone.0171720,https://www.mendeley.com/catalogue/6f3b0e8e-6bf3-387b-9c1f-cf6e9f960a40/,https://openalex.org/W2589673251,https://pubmed.ncbi.nlm.nih.gov/28234979,https://www.ncbi.nlm.nih.gov/pmc/articles/5325221
cristiano2020,Validity of a smart-glasses-based step-count measure during simulated free-living conditions,"Alessia Cristiano,Alberto Sanna,Diana Trojaniello",Information,2020,Physical Activity and Health,6,26,"Garmin Vivosmart 4, Fitbit Alta HR, Fitbit Zip, Essilor Connected Glasses",Wearable,"Garmin, Fitbit, Essilor",Other,Walking,MAPE,https://doi.org/10.3390/INFO11090404,https://www.mendeley.com/catalogue/e9ff897e-62fb-3fd7-acf9-5dfb78c4a386/,https://openalex.org/W3065913657,,
crouter2018,Estimating physical activity in youth using an ankle accelerometer,"Scott E. Crouter,Jennifer Flynn Oody,David R. Bassett",Journal of Sports Sciences,2018,Physical Activity and Health,25,181,ActiGraph GT3X,Wearable,ActiGraph,In lab,Walking,MAPE,https://doi.org/10.1080/02640414.2018.1449091,https://www.mendeley.com/catalogue/eb092117-91d2-31bb-8e0b-b033d826b9fd/,https://openalex.org/W2790620808,https://pubmed.ncbi.nlm.nih.gov/29517959,https://www.ncbi.nlm.nih.gov/pmc/articles/6301034
dadkhahi2017,Learning Tree-Structured Detection Cascades for Heterogeneous Networks of Embedded Devices,"Hamid Dadkhahi,Benjamin M. Marlin",KDD '17: Proceedings of the 23rd ACM SIGKDD International Conference on Knowledge Discovery and Data Mini,2017,Context-Aware Activity Recognition Systems,2,30,,,,"In lab, Simulated free living",,,https://doi.org/10.1145/3097983.3098169,https://www.mendeley.com/catalogue/fe025b90-0439-3862-b8f0-038294d5246d/,https://openalex.org/W2502651522,https://pubmed.ncbi.nlm.nih.gov/29333328,
davoudi2019,Accuracy of Samsung Gear S Smartwatch for Activity Recognition: Validation Study,"Anis Davoudi,Amal A. Wanigatunga,Matin Kheirkhahan,Duane B. Corbett,Tonatiuh Mendoza,Manoj Battula,Sanjay Ranka,Roger B. Fillingim,Todd M. Manini,Parisa Rashidi",JMIR mhealth and uhealth,2019,Physical Activity and Health,30,40,Samsung Gear S,Wearable,Samsung,In lab,Running,Accuracy,https://doi.org/10.2196/11270,https://www.mendeley.com/catalogue/79cf34f3-14fc-3ac2-a57f-f09ef0c441bb/,https://openalex.org/W2905281845,https://pubmed.ncbi.nlm.nih.gov/30724739,https://www.ncbi.nlm.nih.gov/pmc/articles/6386649
debrabandere2018,Data fusion of body-worn accelerometers and heart rate to predict VO 2max during submaximal running,"Arne De Brabandere,Tim Op De Beéck,Kurt Schütte,Wannes Meert,Benedicte Vanwanseele,Jesse Davis",PLoS ONE,2018,Cardiovascular and exercise physiology,26,31,Cosmed Quark CPET,Wearable,Cosmed,In lab,Treadmill Running,MAPE,https://doi.org/10.1371/journal.pone.0199509,https://www.mendeley.com/catalogue/c0e0c3f6-5dcb-33e8-8391-082e6279f3f3/,https://openalex.org/W2810974466,https://pubmed.ncbi.nlm.nih.gov/29958282,https://www.ncbi.nlm.nih.gov/pmc/articles/6025864
decanniere2020,Wearable monitoring and interpretable machine learning can objectively track progression in patients during cardiac rehabilitation,"Hélène De Cannière,Federico Corradi,C. J. P. P. Smeets,Melanie Schoutteten,Carolina Varon,Chris Van Hoof,Sabine Van Huffel,Willemijn Groenendaal,Pieter Vandervoort",Sensors,2020,Cardiac Health and Mental Health,43,129,Multi Sensor Integrated Circuit chip,Wearable,Imec the Netherlands,In lab,6 min Walking Test,Mean Error,https://doi.org/10.3390/s20123601,https://www.mendeley.com/catalogue/9c683e70-2373-39aa-b06c-c8e3a3c6ac14/,https://openalex.org/W3037017499,https://pubmed.ncbi.nlm.nih.gov/32604829,https://www.ncbi.nlm.nih.gov/pmc/articles/7349532
decarvalho2021,Validity of mHealth devices for counting steps in individuals with Parkinson's disease,"Raquel de Carvalho Lana,André Ribeiro de Paula,Ana Flávia Souza Silva,Pollyana Helena Vieira Costa,Janaíne Cunha Polese",Journal of Bodywork and Movement Therapies,2021,Cerebral Palsy and Movement Disorders,10,34,"GoogleFit on ASUS Zenfone 3, STEPZ on iPhone 5s , Pacer on iPhone 5s , Health on ASUS Zenfone 3, Fitbit (model not disclosed)","Smartphone app, Wearable","Google, Custom, Apple, ASUS, Fitbit",In lab,2 Min Walking Test,Correlation,https://doi.org/10.1016/j.jbmt.2021.06.018,https://www.mendeley.com/catalogue/617a704a-aab2-3ec9-ab11-f564c6fbef25,https://openalex.org/W3170157732,https://pubmed.ncbi.nlm.nih.gov/34776185,
degroote2018,The Accuracy of Smart Devices for Measuring Physical Activity in Daily Life: Validation Study,"Laurent Degroote,Ilse De Bourdeaudhuij,Maïté Verloigne,Louise Poppe,Geert Crombez",JMIR mhealth and uhealth,2018,Physical Activity and Health,78,36,"Polar M600, Fitbit Charge HR, Huawei Watch, Asus Zenwatch 3",Wearable,"Polar, Fitbit, Huawei, Asus",In home,Free Living ,Intraclass Correlation Coefficient,https://doi.org/10.2196/10972,https://www.mendeley.com/catalogue/84f0826b-e2b2-35ab-a9af-d0f26548e410/,https://openalex.org/W2897626982,https://pubmed.ncbi.nlm.nih.gov/30545810,https://www.ncbi.nlm.nih.gov/pmc/articles/6315254
degroote2020,Low-Cost Consumer-Based Trackers to Measure Physical Activity and Sleep Duration Among Adults in Free-Living Conditions: Validation Study,"Laurent Degroote,Gilles Hamerlinck,Karolien Poels,Carol Maher,Geert Crombez,Ilse De Bourdeaudhuij,Ann Vandendriessche,Rachel Curtis,Ann DeSmet",JMIR mhealth and uhealth,2020,Physical Activity and Health,52,20,"Geonaut OnCoach, iWowni5, MyKronoz ZeFit4, Nokia Go, VeryFit 2.0, Xiaomi Mi Band 2, Fitbit Charge HR",Wearable,"Decathlon, iWownFit, MyKronoz, Nokia, Zencro Industrial, Xiaomi Corporation, Fitbit",In home,Free Living ,MAPE,https://doi.org/10.2196/16674,https://www.mendeley.com/catalogue/e7a7c640-8168-32cb-9606-45b14eff5853/,https://openalex.org/W3007476422,https://pubmed.ncbi.nlm.nih.gov/32282332,https://www.ncbi.nlm.nih.gov/pmc/articles/7268004
dhillon2018,Physical activity measurement accuracy in advanced chronic lung disease,"Satvir S. Dhillon,Robert D. Levy,Pearce Wilcox,Jordan A. Guenette,Bradley S. Quon,Christopher J. Ryerson,Pat G. Camp",Canadian Journal of Respiratory Critical Care and Sleep Medicine,2018,Chronic Obstructive Pulmonary Disease (COPD) Research,0,0,"Polar Electro, BodyMedia SenseWear, Actical",Wearable,"Polar, BodyMedia, Philips",In lab,Flat Walking,Mean Error,https://doi.org/10.1080/24745332.2017.1393636,https://www.mendeley.com/catalogue/5f823778-ec7d-3d48-bf68-bc3141c67e40/,https://openalex.org/W2769106157,,
dinizsousa2020,Accelerometry calibration in people with class II-III obesity: Energy expenditure prediction and physical activity intensity identification,"Florêncio Diniz‐Sousa,Lucas Veras,José Carlos Ribeiro,Giorjines Boppre,Vítor Devezas,Hugo Santos‐Sousa,John Preto,Leandro Machado,João Paulo Vilas‐Boas,José Oliveira,Hélder Fonseca",Gait & Posture,2020,Physical Activity and Health,8,43,ActiGraph GT9X-Link,Wearable,ActiGraph,In lab,Treadmill Walking and Running,AUROC,https://doi.org/10.1016/j.gaitpost.2019.11.008,https://www.mendeley.com/catalogue/e7a08fc2-ac43-39f3-a5e6-a89ccae5d0c9/,https://openalex.org/W2984552112,https://pubmed.ncbi.nlm.nih.gov/31756665,
dowling2017,Telehealth monitor to measure physical activity and pressure relief maneuver performance in wheelchair users.,"Ariel V. Dowling,Valerie J. Eberly,Somboon Maneekobkunwong,Sara J. Mulroy,Philip S. Requejo,Joseph T. Gwin",Assistive Technology,2017,Spinal Cord Injury Research,7,0,,,,,,,https://doi.org/10.1080/10400435.2016.1220993,https://www.mendeley.com/catalogue/8bef97dc-25ca-3ef3-aee2-b2c2671470dc/,https://openalex.org/W2524039436,https://pubmed.ncbi.nlm.nih.gov/27687753,https://www.ncbi.nlm.nih.gov/pmc/articles/5629123
duclos2019,Activity Monitor Placed at the Nonparetic Ankle Is Accurate in Measuring Step Counts During Community Walking in Poststroke Individuals: A Validation Study,"Noémie C. Duclos,Larissa Tavares Aguiar,Rachid Aïssaoui,Christina Danielli Coelho de Morais Faria,Sylvie Nadeau,Cyril Duclos",PM&R,2019,Stroke Rehabilitation and Recovery,30,20,Fitbit One,Wearable,Fitbit,In lab,"6MWT, Circuit",MAPE,https://doi.org/10.1002/pmrj.12080,https://www.mendeley.com/catalogue/9f5768e9-1998-39ca-8aea-7dac7dd6962c/,https://openalex.org/W2911925135,https://pubmed.ncbi.nlm.nih.gov/30688026,
duking2020,Wrist-Worn Wearables for Monitoring Heart Rate and Energy Expenditure While Sitting or Performing Light-to-Vigorous Physical Activity: Validation Study,"Peter Düking,Laura Giessing,Marie Ottilie Frenkel,Karsten Koehler,Hans‐Christer Holmberg,Billy Sperlich",JMIR mhealth and uhealth,2020,Physical Activity and Health,88,25,"Apple Watch Series 4, Polar Vantage V, Garmin Fenix 5, Fitbit Versa",Wearable,"Apple, Polar, Garmin, Fitbit",In lab,"Inactive, Vigorous Activity",Bias,https://doi.org/10.2196/16716,https://www.mendeley.com/catalogue/2f3816e9-67c1-37bd-b9ac-b9a4f42eb1e1/,https://openalex.org/W3002162466,https://pubmed.ncbi.nlm.nih.gov/32374274,https://www.ncbi.nlm.nih.gov/pmc/articles/7240439
dzaja2022,Accelerometer-based algorithm for the segmentation and classification of repetitive human movements during workouts,"Dominik Džaja,M. Čibarić,Goran Šeketa,Ratko Magjarević",Automatika,2022,Non-Invasive Vital Sign Monitoring,3,4,Shimmer 3 ,Wearable,Shimmer Research,In lab,"Standing Front Dumbbell Raise, Standing Dumbbell Lateral Raise with Arms Straight, Standing Side Dumbbell Shrug, Standing Dumbbell Curl with Rotation, Bent-over Dumbbell Row, Push-up, Dumbbell Step-up, Box Squat, Heel Touch",Accuracy,https://doi.org/10.1080/00051144.2022.2121247,https://www.mendeley.com/catalogue/5e0fec1a-3ce6-3e3e-9f49-30822d3875e9/,https://openalex.org/W4295804444,,
esfahani2017,Trunk Motion System (TMS) Using Printed Body Worn Sensor (BWS) via Data Fusion Approach,"Mohammad Iman Mokhlespour Esfahani,Omid A. Zobeiri,Behzad Moshiri,Roya Narimani,Mohammad Mehravar,Ehsan Rashedi,Mohamad Parnianpour",Sensors,2017,Non-Invasive Vital Sign Monitoring,42,3,Trunk Motion System,Wearable,Custom,In lab,"Flexion/Extension, Lateral bending (left), Lateral bending (right), Axial rotation (left), Axial rotation (right), Left multiplanar movement, Right multiplanar movement",RMSE,https://doi.org/10.3390/s17010112,https://www.mendeley.com/catalogue/84a120ab-370a-33d1-8c0d-ee565d27c6ff/,https://openalex.org/W2569064097,https://pubmed.ncbi.nlm.nih.gov/28075342,https://www.ncbi.nlm.nih.gov/pmc/articles/5298685
fanchamps2018,The Accuracy of the Detection of Body Postures and Movements Using a,"Malou H. J. Fanchamps,Herwin Horemans,Gerard M. Ribbers,Henk J. Stam,Johannes B. J. Bussmann",Sensors,2018,Stroke Rehabilitation and Recovery,63,25,Activ8,Wearable,Activ8,In lab,Basic Activities,Bias,https://doi.org/10.3390/s18072167,https://www.mendeley.com/catalogue/d1d55695-7f9f-3c0b-a01a-c9a9379cbc6c/,https://openalex.org/W2858667938,https://pubmed.ncbi.nlm.nih.gov/29976900,https://www.ncbi.nlm.nih.gov/pmc/articles/6069255
fatima2021,Activity Recognition in Older Adults with Training Data from Younger Adults: Preliminary Results on in Vivo Smartwatch Sensor Data,Sabahat Fatima,ASSETS '21: Proceedings of the 23rd International ACM SIGACCESS Conference on Computers and Accessibility,2021,Context-Aware Activity Recognition Systems,6,2,,,,In home,,,https://doi.org/10.1145/3441852.3476475,https://www.mendeley.com/catalogue/2a7b8c7f-77f8-329d-9bac-3004a58a9af7/,https://openalex.org/W3205244839,,
fayad2019,Fall Detection Application for the Elderly in the Family Heroes System,"Moustafa Fayad,Ahmed Mostefaoui,Samir Chouali,Salima Benbernou",MobiWac '19: Proceedings of the 17th ACM International Symposium on Mobility Management and Wireless Acce,2019,Context-Aware Activity Recognition Systems,9,2,Microsoft Kinect,Ambient,Microsoft,In lab,Falling,"Sensitivity, Specificity",https://doi.org/10.1145/3345770.3356738,https://www.mendeley.com/catalogue/2cd334e0-aef6-3f1e-b905-e0376e1b1bf2/,https://openalex.org/W2990845522,,
fergus2017,A machine learning approach to measure and monitor physical activity in children,"Paul Fergus,Abir Hussain,John Hearty,Stuart J. Fairclough,Lynne M. Boddy,Kelly A. Mackintosh,Gareth Stratton,Nicola D. Ridgers,Dhiya Al‐Jumeily,Ahmed J. Aljaaf,Jenet Lunn",Neurocomputing,2017,Physical Activity and Health,15,28,ActiLife,Smartphone app,ActiGraph,School playground,Multiple Activities,"Accuracy, Sensitivity, Specificity",https://doi.org/10.1016/j.neucom.2016.10.040,https://www.mendeley.com/catalogue/b054b2ba-ae5e-3ad0-ad19-585a529787cd/,https://openalex.org/W2546822066,,
fu2021,A Novel Mobile Device-Based Approach to Quantitative Mobility Measurements for Power Wheelchair Users,"Jicheng Fu,Shuai Zhang,Hongwu Wang,Yan Zhao,Gang Qian",Sensors,2021,Gaze Tracking and Assistive Technology,1,0,"Wheelchair app on LG G2, Microsoft Band 2, Wheelchair app on Nexus 6, Wheelchair app on Pixel 1, Wheelchair app on Pixel 2, Wheelchair app on Pixel 3","Smartphone app, Wearable","Custom, Microsoft",In lab,Course Navigation,Median Percent Error,https://doi.org/10.3390/s21248275,https://www.mendeley.com/catalogue/886efb03-b31b-364f-b8a8-99c0981d40df/,https://openalex.org/W4200262617,https://pubmed.ncbi.nlm.nih.gov/34960371,
gant2017,Long-term recording of electromyographic activity from multiple muscles to monitor physical activity of participants with or without a neurological disorder,"Katie Gant,Jorge Bohórquez,Christine K. Thomas",Biomedical Engineering / Biomedizinische Technik,2017,Muscle activation and electromyography studies,4,0,,,,Unknown,,,https://doi.org/10.1515/bmt-2017-0104,https://www.mendeley.com/catalogue/8a61e7db-ec0e-34a0-8a94-eccc340a3926/,https://openalex.org/W2765492083,https://pubmed.ncbi.nlm.nih.gov/29095692,
garlant2018,Stretchable Electronic Wearable Motion Sensors Delineate Signatures of,"Jacob A. Garlant,Kaitlyn R. Ammann,Marvin J. Slepian",ASAIO Journal,2018,Human Pose and Action Recognition,12,0,BioStampRC,Wearable,Custom,Unknown,Walking,Accuracy,https://doi.org/10.1097/MAT.0000000000000784,https://www.mendeley.com/catalogue/978254cf-19b5-3adf-ba2e-da83fe085835/,https://openalex.org/W2796075560,https://pubmed.ncbi.nlm.nih.gov/29608494,https://www.ncbi.nlm.nih.gov/pmc/articles/6128668
gharasuie2021,Performance Monitoring for Exercise Movements Using Mobile Cameras,"Morteza Mohammady Gharasuie,Noah Jennings,Shubham Jain",BodySys'21: Proceedings of the Workshop on Body-Centric Computing Syste,2021,Human Pose and Action Recognition,5,25,,,,Unknown,,,https://doi.org/10.1145/3469260.3469665,https://www.mendeley.com/catalogue/c1c10f24-bbd9-365f-81d1-26e50ee44c6a/,https://openalex.org/W3175152746,,
ghosh2020,HumanSense: a framework for collective human activity identification using heterogeneous sensor grid in multi-inhabitant smart environments,"Arindam Ghosh,Amartya Chakraborty,Joydeep Kumbhakar,Mousumi Saha,Sujoy Saha",Personal and Ubiquitous Computing,2020,Context-Aware Activity Recognition Systems,3,10,HumanSense,Wearable,Custom,In lab,"Standing, Sitting, Walking",Accuracy,https://doi.org/10.1007/s00779-020-01402-6,https://www.mendeley.com/catalogue/0604a066-75a3-331c-8ae5-c4f25ec27d1f/,https://openalex.org/W3026120514,,
gilgenammann2019,Accuracy of the Multisensory Wristwatch Polar Vantage's Estimation of Energy Expenditure in Various Activities: Instrument Validation Study,"Rahel Gilgen-Ammann,Theresa Schweizer,Thomas Wyss",JMIR mhealth and uhealth,2019,Ergonomics and Musculoskeletal Disorders,19,30,Polar Vantage,Wearable,Polar,In lab,"Sitting, Walking, Jogging",MAPE,https://doi.org/10.2196/14534,https://www.mendeley.com/catalogue/0c2011de-23bc-3327-b702-5a7ffa72b320/,https://openalex.org/W2963163130,https://pubmed.ncbi.nlm.nih.gov/31579020,https://www.ncbi.nlm.nih.gov/pmc/articles/6777286
guidoux2017,"The eMouveRecherche application competes with research devices to evaluate energy expenditure, physical activity and still time in free-living conditions","Romain Guidoux,Martine Duclos,Gérard Fleury,Philippe Lacomme,Nicolas Lamaudière,Damien Saboul,Libo Ren,Sylvie Rousset",Journal of Biomedical Informatics,2017,Physical Activity and Health,14,30,eMouveRecherch,Smartphone app,Custom,Simulated free living,Daily Activities,MAE,https://doi.org/10.1016/j.jbi.2017.04.005,https://www.mendeley.com/catalogue/1055644b-f9c2-30f8-b21e-6487aafdd473/,https://openalex.org/W2605036157,https://pubmed.ncbi.nlm.nih.gov/28400313,
hayat2022,Human Activity Recognition for Elderly People Using Machine and Deep Learning Approaches,"Ahatsham Hayat,Fernando Morgado‐Dias,Bikram Pratim Bhuyan,Ravi Tomar",Information,2022,Context-Aware Activity Recognition Systems,64,14,,,,In lab,"Walking, Going Upstairs, Going Downstairs, Sitting, Standing, Laying, Multiple Activities","Accuracy, Precision, Recall",https://doi.org/https://doi.org/10.3390/info13060275,,https://openalex.org/W4281855644,,
hedge2018,Automatic Recognition of Activities of Daily Living Utilizing Insole-Based and Wrist-Worn Wearable Sensors,"Nagaraj Hegde,Matthew Bries,Tracy Swibas,Edward Melanson,Edward Sazonov",IEEE Journal of Biomedical and Health Informatics,2018,Context-Aware Activity Recognition Systems,97,15,"SmartStep, SmartStep Wrist Sensor","Wearable, Wearable, Wearable","Custom, Custom, Custom",In lab,"Laying Down, Sitting, Standing, Walking",Recall,https://doi.org/10.1109/JBHI.2017.2734803,https://www.mendeley.com/catalogue/587ecc59-3317-3ab2-b315-39f6e4fd0003/,https://openalex.org/W2741846309,https://pubmed.ncbi.nlm.nih.gov/28783651,
hegde2022,Development and Independent Validation of Energy Expenditure Models Using SmartStep,"Nagaraj Hegde,Tracy A. Swibas,Edward L. Melanson,Edward Sazonov",IEEE-EMBS International Conference on Biomedical and Health Informatics (BHI ...),2022,Context-Aware Activity Recognition Systems,0,23,SmartStep,Wearable,Custom,In lab,"Lying, Sitting, Standing, Walking, Cycling, Going Downstairs, Going Upstairs, Home Activities, Multiple Activities","RMSE, Relative Percent Error, Mean Error, Bland-Altman",https://doi.org/https://doi.org/10.1109/bhi56158.2022.9926944,,https://openalex.org/W4308216543,,
henriksen2020,Succeeding with prolonged usage of consumer-based activity trackers in clinical studies: a mixed methods approach,"André Henriksen,Anne-Sofie Sand,Trygve Deraas,Sameline Grimsgaard,Gunnar Hartvigsen,Laila Arnesdatter Hopstock",BMC Public Health,2020,Physical Activity and Health,14,16,Polar M430,Wearable,Polar,In lab,Free Living ,MAPE,https://doi.org/10.1186/s12889-020-09406-w,https://www.mendeley.com/catalogue/67a87ade-6744-3e11-b097-1639b98872d8/,https://openalex.org/W3081148403,https://pubmed.ncbi.nlm.nih.gov/32854671,https://www.ncbi.nlm.nih.gov/pmc/articles/7457262
ho2020,Feasibility of the Energy Expenditure Prediction for Athletes and Non-Athletes from Ankle-Mounted Accelerometer and Heart Rate Monitor,"Chin-Shan Ho,Chun-Hao Chang,Yi-Ju Hsu,Yu-Tsai Tu,Fang Li,Wei-Lun Jhang,Chih-Wen Hsu,Chi‐Chang Huang",Scientific Reports,2020,Sports Performance and Training,3,120,Actigraph GT9X,Wearable,ActiGraph,In lab,Treadmill Walking and Running,MAPE,https://doi.org/10.1038/s41598-020-65713-7,https://www.mendeley.com/catalogue/5137376a-1af2-3011-a2c1-de38148fbbf7/,https://openalex.org/W3032514297,https://pubmed.ncbi.nlm.nih.gov/32483254,https://www.ncbi.nlm.nih.gov/pmc/articles/7264312
horemans2020,The Activ8 activity monitor: Validation of posture and movement classification,"Herwin Horemans,Hedwig Kooijmans,Rita van den Berg‐Emons,Hans Bussmann",Journal of Rehabilitation and Assistive Technologies Engineering,2020,Physical Activity and Health,21,12,Activ8,Wearable,Activ8,In lab,"Walking, Standing, Sitting, Running",Sensitivity,https://doi.org/10.1177/2055668319890535,https://www.mendeley.com/catalogue/f15ddded-f8b2-35cb-b8ed-0f5e87b4cf4e/,https://openalex.org/W3011628071,https://pubmed.ncbi.nlm.nih.gov/32206335,https://www.ncbi.nlm.nih.gov/pmc/articles/7079304
huang2022,Deep Ensemble Learning for Human Activity Recognition Using Wearable Sensors via Filter Activation,"Wenbo Huang,Lei Zhang,Shuoyuan Wang,Hao Wu,Aiguo Song",ACM Transactions on Embedded Computing Systems,2022,Context-Aware Activity Recognition Systems,33,103,"Samsung Galaxy S2, , Android OS, MotionNode","Smartphone app, , Wearable","Samsung, , Open Handset Alliance, Motion Worksop",In lab,"Daily Activities, Multiple Activities, Falling",Accuracy,https://doi.org/https://doi.org/10.1145/3551486,,https://openalex.org/W4287982304,,
huggins2022,Machine Learning Models for Weight-Bearing Activity Type Recognition Based on Accelerometry in Postmenopausal Women,"Cameron James Huggins,Rebecca Clarke,Daniel Abásolo,Erreka Gil‐Rey,Jonathan H. Tobias,Kevin Deere,Sarah Allison",Sensors,2022,Physical Activity and Health,2,110,,,,In lab,,,https://doi.org/https://doi.org/10.3390/s22239176,,https://openalex.org/W4310172134,https://pubmed.ncbi.nlm.nih.gov/36501877,
ingraham2017,Using Wearable Physiological Sensors to Predict Energy Expenditure,"Kimberly A. Ingraham,Daniel P. Ferris,C. David Remy",2017 International Conference on Rehabilitation Robotics (ICORR),2017,Muscle activation and electromyography studies,9,3,"Oxycon Mobile, Shimmer EMG, Empatica E4, Polar Electro, Oximeter","Wearable, Wearable, Wearable, Wearable, Wearable, Wearable, Wearable","CareFusion, Shimmer Research, Empatica, Polar, CareFusion, Shimmer Research, Empatica, Polar, CareFusion",In lab,Treadmill Walking and Running,RSquared,https://doi.org/10.1109/ICORR.2017.8009270,https://www.mendeley.com/catalogue/9dd633ad-1b06-3104-af86-2590e4392afb/,https://openalex.org/W2742221227,https://pubmed.ncbi.nlm.nih.gov/28813842,
jain2018,Human Activity Classification in Smartphones Using Accelerometer and Gyroscope Sensors,"Ankita Jain,Vivek Kanhangad",IEEE Sensors Journal,2018,Context-Aware Activity Recognition Systems,189,46,iPod Touch,Smartphone app,Apple,"In lab, Simulated free living","Sitting, Standing, Walking, Jogging",Accuracy,https://doi.org/10.1109/JSEN.2017.2782492,https://www.mendeley.com/catalogue/0556e66d-27b5-300d-8992-48fc9e0ff3a3/,https://openalex.org/W2774090517,,
jalal2020-1,Sustainable Wearable System: Human Behavior Modeling for Life-Logging,"Ahmad Jalal,Mouazma Batool,Kibum Kim",Sustainability,2020,Context-Aware Activity Recognition Systems,58,0,,,,Unknown,Multiple Activities,Accuracy,https://doi.org/10.3390/su122410324,https://www.mendeley.com/catalogue/2f1864ea-1a19-3a79-bc61-f5b8d22c19e6/,https://openalex.org/W3113327043,,
jalal2020-2,Stochastic Recognition of Physical Activity and Healthcare Using Tri-Axial Inertial Wearable Sensors,"Ahmad Jalal,Mouazma Batool,Kibum Kim",Applied Sciences,2020,Context-Aware Activity Recognition Systems,101,24,,,,In lab,,,https://doi.org/10.3390/app10207122,https://www.mendeley.com/catalogue/2003320f-e9a8-318f-8401-17fc02976727/,https://openalex.org/W3183335166,,
jeong2022,A Comparative Study on the Influence of Undersampling and Oversampling Techniques for the Classification of Physical Activities Using an Imbalanced Accelerometer Dataset,"Dong‐Hwa Jeong,Se-Eun Kim,WooHyeok Choi,Seong‐Ho Ahn",Healthcare,2022,Physical Activity and Health,16,0,,,,,,,https://doi.org/10.3390/healthcare10071255,https://www.mendeley.com/catalogue/24b254f2-6015-3ff2-845c-4a7ed6e7a7af/,https://openalex.org/W4284706785,https://pubmed.ncbi.nlm.nih.gov/35885782,
johnston2021,Recommendations for determining the validity of consumer wearable and,"William Johnston,Pedro B. Júdice,Pablo Molina‐García,Jan M Mühlen,Esben Lykke Skovgaard,Julie Stang,Moritz Schumann,Shulin Cheng,Wilhelm Bloch,Jan Christian Brønd,Ulf Ekelund,Anders Grøntved,Brian Caulfield,Francisco B. Ortega,Luís B. Sardinha",British Journal of Sports Medicine,2021,Physical Activity and Health,75,0,,,,Unknown,,,https://doi.org/10.1136/bjsports-2020-103147,https://www.mendeley.com/catalogue/71b3142a-c590-3c58-b571-b735f92440b3/,https://openalex.org/W3117183341,https://pubmed.ncbi.nlm.nih.gov/33361276,https://www.ncbi.nlm.nih.gov/pmc/articles/8273687
jongprasithporn2017,A smartphone-based real-time simple activity recognition,"Manutchanok Jongprasithporn,Nantakrit Yodpijit,Rawiphorn Srivilai,Paweena Pongsophane","2017 3rd International Conference on Control, Automation and Robotics (ICCAR)",2017,Context-Aware Activity Recognition Systems,7,6,Thai 3 Axis,Smartphone app,Custom,In lab,"Standing, Walking, Running",Accuracy,https://doi.org/10.1109/ICCAR.2017.7942755,https://www.mendeley.com/catalogue/f41e8f9b-750b-3455-a4c3-3a75e5735d3d/,https://openalex.org/W2626881224,,
jourdan2021,The Contribution of Machine Learning in the Validation of Commercial Wearable Sensors for Gait Monitoring in Patients: A Systematic Review,"Théo Jourdan,Noëlie Debs,Carole Frindel",Sensors,2021,Wireless Body Area Networks,31,0,,,,Unknown,,,https://doi.org/10.3390/s21144808,https://www.mendeley.com/catalogue/8143a311-cc0a-3fce-adde-8014b28d101e/,https://openalex.org/W3178803406,https://pubmed.ncbi.nlm.nih.gov/34300546,https://www.ncbi.nlm.nih.gov/pmc/articles/8309920
kaba2021,Channel Modeling of an Optical Wireless Body Sensor Network for Walk,"Alassane Kaba,S. Sahuguede,Anne Julien‐Vergonjanne",Sensors,2021,Wireless Body Area Networks,6,0,,,,Unknown,,,https://doi.org/10.3390/s21092904,https://www.mendeley.com/catalogue/28902ca5-ea15-38a6-acdd-a1aa7a9815d7/,https://openalex.org/W3159253895,https://pubmed.ncbi.nlm.nih.gov/33919143,https://www.ncbi.nlm.nih.gov/pmc/articles/8122262
kantoch2018,Recognition of Sedentary Behavior by Machine Learning Analysis of,Eliasz Kańtoch,Sensors,2018,Physical Activity and Health,69,0,,,,Unknown,Daily Activities,"Accuracy, Sensitivity, Specificity, Precision",https://doi.org/10.3390/s18103219,https://www.mendeley.com/catalogue/1a06e28b-6f9f-358d-b633-86f541b20738/,https://openalex.org/W2893167122,https://pubmed.ncbi.nlm.nih.gov/30249987,https://www.ncbi.nlm.nih.gov/pmc/articles/6210891
karinharju2021,Validity of the Apple Watch® for monitoring push counts in people using manual wheelchairs,"Kati S. Karinharju,Alexandra M. Boughey,Sean M. Tweedy,Kelly Clanchy,Stewart G. Trost,Sjaan R. Gomersall",Journal of Spinal Cord Medicine,2021,Spinal Cord Injury Research,16,26,Apple Watch,Wearable,Apple,Other,Wheelchair pushes,"Intraclass Correlation Coefficient, MAPE",https://doi.org/10.1080/10790268.2019.1576444,https://www.mendeley.com/catalogue/68d02b77-195d-37b5-99ab-f5bb6fa45425/,https://openalex.org/W2919972566,https://pubmed.ncbi.nlm.nih.gov/30811310,https://www.ncbi.nlm.nih.gov/pmc/articles/7952070
kastletic2021,"Validity, Reliability and Sensitivity to Change of Three Consumer-Grade","Kaja Kastelic,Marina Dobnik,Stefan Löfler,Christian Höfer,Nejc Šarabon",Sensors,2021,Physical Activity and Health,6,78,"Polar Vantage M, Garmin Vivoactive 4s, Garmin Vivosport",Wearable,"Polar, Garmin","In lab, In home","Slow Pace Walking, Preferred Pace Walking, Free Living ",MAPE,https://doi.org/10.3390/s21186245,https://www.mendeley.com/catalogue/2ef33302-c409-3d12-885a-02a13ab5ffd4/,https://openalex.org/W3200845403,https://pubmed.ncbi.nlm.nih.gov/34577457,https://www.ncbi.nlm.nih.gov/pmc/articles/8473032
keadle2017,"An Evaluation of Accelerometer-derived Metrics to Assess Daily Behavioral Patterns
","Sarah Kozey Keadle,Joshua N. Sampson,Haocheng Li,Kate Lyden,Charles E. Matthews,Raymond J. Carroll",Medicine & Science in Sports & Exercise,2017,Physical Activity and Health,13,0,,,,,,,https://doi.org/10.1249/MSS.0000000000001073,https://www.mendeley.com/catalogue/844808c2-a378-361c-a96a-995f3513043b/,https://openalex.org/W2516553056,https://pubmed.ncbi.nlm.nih.gov/27992396,https://www.ncbi.nlm.nih.gov/pmc/articles/5176102
kemp2020,Assessing the validity and reliability and determining cut-points of the Actiwatch 2 in measuring physical activity,"Chadley Kemp,Paula R. Pienaar,Rob H. P. Henst,Laura C. Roden,Tracy Kolbe‐Alexander,Dale E. Rae",Physiological Measurement,2020,Physical Activity and Health,10,50,"ActiWatch2, ActiGraph GT3X",Wearable,"Philips, ActiGraph",In lab,"Supine Rest, Sitting, Light Walking",Correlation,https://doi.org/10.1088/1361-6579/aba80f,https://www.mendeley.com/catalogue/26c94fd1-9e17-3c1f-b37c-a8b8ac119265/,https://openalex.org/W3045255750,https://pubmed.ncbi.nlm.nih.gov/32886650,
khurana2018,"GymCam: Detecting, Recognizing and Tracking Simultaneous Exercises in Unconstrained Scenes",,,2018,,,0,GymCam,Ambient,Custom,Other,Multiple Activities,Accuracy,,https://www.mendeley.com/catalogue/82f4d84d-497b-320f-b662-8af6e1089535/,,,
kinnunen2019,"Training-induced changes in daily energy expenditure: Methodological evaluation using wrist-worn accelerometer, heart rate monitor, and doubly labeled water technique","Hannu Kinnunen,Keijo Häkkinen,Moritz Schumann,Laura Karavirta,Klaas R. Westerterp,Heikki Kyröläinen",PLoS ONE,2019,Physical Activity and Health,41,28,Polar Electro,Wearable,Polar,In lab,"Daily Activities, Strength and Aerobic Training",Correlation,https://doi.org/10.1371/journal.pone.0219563,https://www.mendeley.com/catalogue/ea31e6ed-f0dc-3373-bd7c-bcc81e5e7ccc/,https://openalex.org/W2962606778,https://pubmed.ncbi.nlm.nih.gov/31291373,https://www.ncbi.nlm.nih.gov/pmc/articles/6619827
klass2019,Assessment of energy expenditure during high intensity cycling and,"Malgorzata Klass,Vitalie Faoro,Alain Carpentier",PLoS ONE,2019,Sports Performance and Training,10,18,ActiHeart,Wearable,Cambridge Neurotechnology,In lab,"Running, Cycling",Intraclass Correlation Coefficient,https://doi.org/10.1371/journal.pone.0224948,https://www.mendeley.com/catalogue/34116118-abfb-3412-8ea6-0a73394cff20/,https://openalex.org/W2986831696,https://pubmed.ncbi.nlm.nih.gov/31697742,https://www.ncbi.nlm.nih.gov/pmc/articles/6837421
klassen2017,Consumer-Based Physical Activity Monitor as a Practical Way to Measure Walking Intensity During Inpatient Stroke Rehabilitation,"Tara D. Klassen,Jennifer A. Semrau,Sean P. Dukelow,Mark Bayley,Michael D. Hill,Janice J. Eng",Stroke,2017,Stroke Rehabilitation and Recovery,58,21,Fitbit One,Wearable,Fitbit,In lab,"Slow Pace Walking, Medium Pace Walking, Fast Pace Walking",Accuracy,https://doi.org/10.1161/STROKEAHA.117.018175,https://www.mendeley.com/catalogue/619823a5-9a5c-3cc7-b832-6f4498620fef/,https://openalex.org/W2743950273,https://pubmed.ncbi.nlm.nih.gov/28784922,
koehler2017,Monitoring Energy Expenditure Using a Multi-Sensor Device Applications and Limitations of the SenseWear Armband in Athletic Populations,"Karsten Koehler,Clemens Drenowatz",Frontiers in Physiology,2017,Physical Activity and Health,31,0,,,,,,,https://doi.org/10.3389/fphys.2017.00983,https://www.mendeley.com/catalogue/9a04d7c5-9668-3e4b-8bd8-1ed2d0492724/,https://openalex.org/W2770104710,https://pubmed.ncbi.nlm.nih.gov/29249986,https://www.ncbi.nlm.nih.gov/pmc/articles/5714893
koenders2018,"Validation of a wireless patch sensor to monitor mobility tested in both
an experimental and a hospital setup: A cross- sectional study","Niek Koenders,Joost P. H. Seeger,Teun van der Giessen,Ties J. van den Hurk,Indy G. M. Smits,Anne M. Tankink,Maria W. G. Nijhuis‐van der Sanden,Thomas J. Hoogeboom",PLoS ONE,2018,"Balance, Gait, and Falls Prevention",9,62,HealthPatch,Wearable,Vital Connect,"In lab, Other","Lying, Sitting, Walking",Accuracy,https://doi.org/10.1371/journal.pone.0206304,https://www.mendeley.com/catalogue/8dae0e9f-e04c-3faf-9c49-c58d486d3a43,https://openalex.org/W2898380514,https://pubmed.ncbi.nlm.nih.gov/30359448,https://www.ncbi.nlm.nih.gov/pmc/articles/6201929
kwon2021,Validation of the Apple Watch for Estimating Moderate-to-Vigorous,"Sunku Kwon,Youngwon Kim,Yang Bai,Ryan D. Burns,Timothy A. Brusseau,Wonwoo Byun",Sensors,2021,Physical Activity and Health,14,25,Apple Watch 3,Wearable,Apple,"In lab, Simulated free living, Free living",Multiple Activities,MAPE,https://doi.org/10.3390/s21196413,https://www.mendeley.com/catalogue/db42d16f-80cb-3ce2-b67d-e5581d3de8e0/,https://openalex.org/W3202453831,https://pubmed.ncbi.nlm.nih.gov/34640733,https://www.ncbi.nlm.nih.gov/pmc/articles/8512453
ladlow2019,Predicting ambulatory energy expenditure in lower limb amputees using multi-sensor methods,"Peter Ladlow,Tom E. Nightingale,M. Polly McGuigan,Alexander N. Bennett,Rhodri Phillip,James Bilzon",PLoS ONE,2019,Muscle activation and electromyography studies,11,28,"ActiGraph GT3X+, ActiHeart",Wearable,"ActiGraph, Cambridge Neurotechnology",In lab,Treadmill Walking and Running,Correlation,https://doi.org/10.1371/journal.pone.0209249,https://www.mendeley.com/catalogue/9440ed0f-7521-3069-a9fb-f184b3025dd5/,https://openalex.org/W2912095311,https://pubmed.ncbi.nlm.nih.gov/30703115,https://www.ncbi.nlm.nih.gov/pmc/articles/6354995
lee2019,Concurrent agreement between ActiGraphⓇ and activPALⓇ in measuring moderate to vigorous intensity physical activity for adults,"Long F.R. Lee,Philippa Dall",Medical Engineering & Physics,2019,Physical Activity and Health,18,24,ActivPal 3,Wearable,PAL Technologies,In lab,Free Living ,Bias,https://doi.org/10.1016/j.medengphy.2019.09.018,https://www.mendeley.com/catalogue/ab7e3b72-76de-3f46-9460-6ca46c09ba48/,https://openalex.org/W2977946971,https://pubmed.ncbi.nlm.nih.gov/31604598,
lee2022,Smart-Home Concept for Remote Monitoring of Instrumental Activities of Daily Living (IADL) in Older Adults with Cognitive Impairment: A Proof of Concept and Feasibility Study,"Myeounggon Lee,Ram Kinker Mishra,Anmol Momin,Nesreen El-Refaei,Amir Behzad Bagheri,Michele K. York,Mark E. Kunik,Marc Derhammer,Borna Fatehi,James B.P. Lim,Rylee Cole,Gregory Barchard,Ashkan Vaziri,Bijan Najafi",Sensors,2022,Dementia and Cognitive Impairment Research,19,0,,,,,,,https://doi.org/https://doi.org/10.3390/s22186745,,https://openalex.org/W4296100190,https://pubmed.ncbi.nlm.nih.gov/36146095,
lemmens2019,Evaluation of an activity monitor for use in pregnancy to help reduce excessive  gestational weight gain.,"Paul Lemmens,Francesco Sartor,L.G.E. Cox,Sebastiaan V. den Boer,Joyce H. D. M. Westerink",BMC Pregnancy and Childbirth,2019,Gestational Diabetes Research and Management,7,40,,,,In lab,,,https://doi.org/10.1186/s12884-018-1941-8,https://www.mendeley.com/catalogue/d54c3824-c1f7-3280-bae4-9c651da68f12/,https://openalex.org/W2887512656,https://pubmed.ncbi.nlm.nih.gov/30064390,https://www.ncbi.nlm.nih.gov/pmc/articles/6069538
leth2019,"Evaluation of Commercial Self-Monitoring Devices for Clinical Purposes: Results from the Future Patient Trial, Phase I","Søren Leth,John Hansen,Olav Wendelboe Nielsen,Birthe Dinesen",Sensors,2017,Non-Invasive Vital Sign Monitoring,62,0,,,,,,,https://doi.org/10.3390/s17010211,https://www.mendeley.com/catalogue/026a4c10-8efa-3711-bd95-8394c0851d30/,https://openalex.org/W2581366853,https://pubmed.ncbi.nlm.nih.gov/28117736,https://www.ncbi.nlm.nih.gov/pmc/articles/5298782
li2019,An Automatic User-Adapted Physical Activity Classification Method Using Smartphones,"Pengfei Li,Yu Wang,Yu Tian,Tianshu Zhou,Jingsong Li",IEEE Transactions on Biomedical Engineering,2019,Context-Aware Activity Recognition Systems,64,0,,,,In lab,"Cycling, Running, Sitting, Standing, Walking",Accuracy,https://doi.org/10.1109/TBME.2016.2573045,https://www.mendeley.com/catalogue/5a25e4ad-b7fa-3b27-af46-b725f1ee0ebf/,https://openalex.org/W2397963423,https://pubmed.ncbi.nlm.nih.gov/27249822,
lilien2019,Home-Based Monitor for Gait and Activity Analysis,"C. Lilien,E. Gasnier,Teresa Gidaro,A. Seferian,M. Grelet,David Vissière,Laurent Servais",Journal of Visualized Experiments,2019,"Balance, Gait, and Falls Prevention",21,0,,,,Unknown,,,https://doi.org/10.3791/59668,https://www.mendeley.com/catalogue/a683d7ad-8e4a-3a79-ac5b-d88ddcd06ad5/,https://openalex.org/W2967197869,https://pubmed.ncbi.nlm.nih.gov/31449251,
lin2018,Step Count and Pulse Rate Detection Based on the Contactless Image Measurement Method,"Yu-Chen Lin,Yuan‐Hsiang Lin",IEEE Transactions on Multimedia,2018,Non-Invasive Vital Sign Monitoring,14,10,ADXL345,Wearable,Analog,In lab,"Stepper, Treadmill Walking and Running","Accuracy, MAE",https://doi.org/10.1109/TMM.2018.2790172,https://www.mendeley.com/catalogue/ba8489e4-8e5c-3532-b9fa-dcb88407d308/,https://openalex.org/W2782356651,,
liu2022,Concurrent validity of the combined HRV/ACC sensor and physical activity diary when monitoring physical activity in university students during free-living days,"Haochong Liu,Qian Li,Yiting Li,Yubo Wang,Yaling Huang,Dapeng Bao,Haoyang Liu,Yixiong Cui",Frontiers in Public Health,2022,Physical Activity and Health,2,0,,,,,,,https://doi.org/https://doi.org/10.3389/fpubh.2022.950074,,https://openalex.org/W4294958946,https://pubmed.ncbi.nlm.nih.gov/36159256,
lugade2021,Three-Day Remote Monitoring of Gait Among Young and Older Adults Using Participants’ Personal Smartphones,"Vipul Lugade,Janeesata Kuntapun,Paphawee Prupetkaew,Sirinun Boripuntakul,Eric Verner,Patima Silsupadol",Journal of Aging and Physical Activity,2021,"Balance, Gait, and Falls Prevention",6,0,,,,Unknown,,,https://doi.org/10.1123/japa.2020-0353,https://www.mendeley.com/catalogue/d26394d0-39e5-317c-bddc-f3ace2972a9b/,https://openalex.org/W3191847678,https://pubmed.ncbi.nlm.nih.gov/34348231,
lui2019,Would a thermal sensor improve arm motion classification accuracy of a single wrist-mounted inertial device?,"Jordan Lui,Carlo Menon",BioMedical Engineering OnLine,2019,Non-Invasive Vital Sign Monitoring,9,11,Omron D6T,Ambient,Omron,In lab,Drinking Motions,Accuracy,https://doi.org/10.1186/s12938-019-0677-7,https://www.mendeley.com/catalogue/28fe929d-ad87-32a1-a1b0-1bd7ff510e30/,https://openalex.org/W2947016638,https://pubmed.ncbi.nlm.nih.gov/31064354,https://www.ncbi.nlm.nih.gov/pmc/articles/6505300
maddison2017,Quantifying Human Movement Using the Movn Smartphone App: Validation and Field Study,"Ralph Maddison,Luke Gemming,Javier Monedero,Linda A. Bolger,Sarahjane Belton,Johann Issartel,Samantha Marsh,Artur Direito,Madeleine Solenhill,Jinfeng Zhao,Daniel J. Exeter,Harshvardhan Vathsangam,Jonathan C Rawstorn",JMIR mhealth and uhealth,2017,Human Mobility and Location-Based Analysis,21,0,,,,"In lab, Free living",,,https://doi.org/10.2196/mhealth.7167,https://www.mendeley.com/catalogue/93f82e4d-fd60-3c86-bcc7-94c0ba29d6f7/,https://openalex.org/W2746197122,https://pubmed.ncbi.nlm.nih.gov/28818819,https://www.ncbi.nlm.nih.gov/pmc/articles/5579324
martinato2021,Usability and Accuracy of a Smartwatch for the Assessment of Physical Activity in the Elderly Population: Observational Study,"Matteo Martinato,Giulia Lorenzoni,Tommaso Zanchi,Alessia Bergamin,Alessia Buratin,Danila Azzolina,Darío Gregori",JMIR mhealth and uhealth,2021,Physical Activity and Health,24,49,Garmin Vivoactive HR,Wearable,Garmin,Other,150m Walking Test,"Mean Error, Intraclass Correlation Coefficient",https://doi.org/10.2196/20966,https://www.mendeley.com/catalogue/51a01c25-08b1-3fcc-b7d1-2b08fa7a7d02,https://openalex.org/W3131109983,https://pubmed.ncbi.nlm.nih.gov/33949953,https://www.ncbi.nlm.nih.gov/pmc/articles/8135023
matthies2021,FitFone: Tracking Home Workout in Pandemic Times,"Denys J. C. Matthies,Thorleif Harder,Franz Bretterbauer,Viktoria Ginter,Horst Hellbrück",PETRA '21: Proceedings of the 14th PErvasive Technologies Related to Assistive Environments Conferen,2021,Context-Aware Activity Recognition Systems,1,2,MotionFone on Redmi Note 7,Smartphone app,Custom,Unknown,"Climbing, Default, Jumping Jacks, Running, Stretch Jump",Accuracy,https://doi.org/10.1145/3453892.3461334,https://www.mendeley.com/catalogue/7acdb1b6-aa34-366b-9d83-53df46cc7b23/,https://openalex.org/W3181159306,,
mccullagh2017,Step-Count Accuracy of 3 Motion Sensors for Older and Frail Medical Inpatients,"Ruth McCullagh,Christina Dillon,Ann M. Uzee O'Connell,Frances Horgan,Suzanne Timmons",Archives of Physical Medicine and Rehabilitation,2017,"Balance, Gait, and Falls Prevention",28,0,,,,,,,https://doi.org/10.1016/j.apmr.2016.08.476,https://www.mendeley.com/catalogue/510d237a-0ce8-3198-b436-9b767ec615c6/,https://openalex.org/W2410854818,https://pubmed.ncbi.nlm.nih.gov/27666157,
mcdevitt2021,Validity of a Novel Research-Grade Physical Activity and Sleep Monitor,"Bríd McDevitt,Lisa Moore,Nishat Akhtar,James Connolly,Rónán Doherty,William Scott",Sensors,2021,Physical Activity and Health,14,15,Verisense,Wearable,Verisense,In lab,"Sitting, Light Exercise, Moderate/Vigorous Physical Activity",Accuracy,https://doi.org/10.3390/s21062034,https://www.mendeley.com/catalogue/aff6ea9c-f13f-3d09-9783-6b823bfaab68/,https://openalex.org/W3138317114,https://pubmed.ncbi.nlm.nih.gov/33805690,https://www.ncbi.nlm.nih.gov/pmc/articles/7998122
meng2019,Health and wellness monitoring using intelligent sensing technique,"Yao Meng, Sang-Hoon Yi, Hee-Cheol Kim", Journal of Information Processing Systems ,2019,,,10,,,,In lab,"Treadmill Walking and Running, Multiple Activities",MAPE,https://doi.org/10.3745/JIPS.04.0115,https://www.mendeley.com/catalogue/e39b5cd7-a6f7-3006-b9e7-b5a0dc7b6274/,,,
mertens2022,A novel portable sensor to monitor bodily positions and activities in transtibial prosthesis users.,,,2022,,,0,,,,,,,,,,,
meyer2022,U-HAR: A Convolutional Approach to Human Activity Recognition Combining Head and Eye Movements for Context-Aware Smart Glasses,,,2022,,,0,,,,,,,,,,,
mooses2018,Validating Fitbit Zip for monitoring physical activity of children in school: a  cross-sectional study.,"Kerli Mooses,Marek Oja,Sulev Reisberg,Jaak Vilo,Merike Kull",BMC Public Health,2018,"Obesity, Physical Activity, Diet",31,147,Fitbit Zip,Wearable,Fitbit,Unknown,"Class time, Physical education lesson, Recess",Bias,https://doi.org/10.1186/s12889-018-5752-7,https://www.mendeley.com/catalogue/2b8c42db-8d2d-3796-9e56-39184b6a8c87/,https://openalex.org/W2845430556,https://pubmed.ncbi.nlm.nih.gov/29996797,https://www.ncbi.nlm.nih.gov/pmc/articles/6042315
naccarelli2022,The Problem of Monitoring Activities of Older People in Multi-Resident Scenarios: An Innovative and Non-Invasive Measurement System Based on Wearables and PIR Sensors,"Riccardo Naccarelli,Sara Casaccia,Gian Marco Revel",Sensors,2022,Context-Aware Activity Recognition Systems,14,0,,,,,,,https://doi.org/https://doi.org/10.3390/s22093472,,https://openalex.org/W4225329064,https://pubmed.ncbi.nlm.nih.gov/35591160,
negrini2020,Using an Accelerometer-Based Step Counter in Post-Stroke Patients: Validation of a Low-Cost Tool,"Francesco Negrini,Giulio Gasperini,Eleonora Guanziroli,Jacopo Antonino Vitale,Giuseppe Banfi,Franco Molteni",International Journal of Environmental Research and Public Health,2020,Stroke Rehabilitation and Recovery,15,53,Nakosite PED2433 Walking 3D Pedometer,Wearable,Nakosite,In lab,"50m Walking Test, 6 min Walking Test, Timed Up and Go Test, 10m Walking Test",MAPE,https://doi.org/10.3390/ijerph17093177,https://www.mendeley.com/catalogue/17722f8a-6572-3fe5-a545-3f5ea9787fa8,https://openalex.org/W3023822909,https://pubmed.ncbi.nlm.nih.gov/32370210,https://www.ncbi.nlm.nih.gov/pmc/articles/7246942
nunavath2021,Deep Learning for Classifying Physical Activities from Accelerometer Data,"Vimala Nunavath,Sahand Johansen,Tommy Sandtorv Johannessen,Lei Jiao,Bjørge Herman Hansen,Sveinung Berntsen,Morten Goodwin",Sensors,2021,Physical Activity and Health,15,24,,,,In lab,"Basic Movement, Specific Movement, Multiple Activities",Accuracy,https://doi.org/10.3390/s21165564,https://www.mendeley.com/catalogue/6508f1e8-abb2-372d-ba0f-6aa358da6ec5/,https://openalex.org/W3195560328,https://pubmed.ncbi.nlm.nih.gov/34451005,https://www.ncbi.nlm.nih.gov/pmc/articles/8402311
oreilly2017,Technology in Strength and Conditioning Tracking Lower-Limb Exercises With Wearable Sensors,"Martin O’Reilly,Darragh Whelan,Tomás E. Ward,Eamonn Delahunt,Brian Caulfield",The Journal of Strength and Conditioning Research,2017,Sports Performance and Training,26,0,,,,,,,https://doi.org/10.1519/JSC.0000000000001852,https://www.mendeley.com/catalogue/3e367509-a0ad-3006-96e6-87e7b01e7623/,https://openalex.org/W2589728242,https://pubmed.ncbi.nlm.nih.gov/28538326,
paraschivionescu2019,Locomotion and cadence detection using a single trunk-fixed accelerometer: validity for children with cerebral palsy in daily life-like conditions,"Anisoara Paraschiv-Ionescu,Christopher J. Newman,Léna Carcreff,Corinna N. Gerber,Stéphane Armand,Kamiar Aminian",Journal of NeuroEngineering and Rehabilitation,2019,Cerebral Palsy and Movement Disorders,48,26,Physilog4,Wearable,"""Gait Up
""",In lab,Multiple Activities,"Sensitivity, Specificity, MAE",https://doi.org/10.1186/s12984-019-0494-z,https://www.mendeley.com/catalogue/c879dd96-43a3-3c65-9af8-c13fdef41da2/,https://openalex.org/W2936082441,https://pubmed.ncbi.nlm.nih.gov/30755215,https://www.ncbi.nlm.nih.gov/pmc/articles/6373023
park2017,Accuracy of Estimating Step Counts and Intensity Using Accelerometers in Older People With or Without Assistive Devices,"Jonghoon Park,Kazuko Ishikawa‐Takata,Sachiko Tanaka,Kyoko Bessyo,Shigeho Tanaka,T Kimura",Journal of Aging and Physical Activity,2017,"Balance, Gait, and Falls Prevention",44,0,,,,,,,https://doi.org/10.1123/japa.2015-0201,https://www.mendeley.com/catalogue/24d70ef1-1f1b-3dc3-a448-1957ae8b8102/,https://openalex.org/W2405825164,https://pubmed.ncbi.nlm.nih.gov/27180730,
pavel2022,Automated System to Measure Static Balancing in Children to Assess Executive Function,"Hamza Reza Pavel,Enamul Karim,Mohammad Zaki Zadeh,Ashish Jaiswal,Rithik Kapoor,Fillia Makedon",PETRA '22: Proceedings of the 15th International Conference on PErvasive Technologies Related to Assistive Environmen,2022,Children's Physical and Motor Development,3,0,,,,,,,https://doi.org/https://doi.org/10.1145/3529190.3534750,,https://openalex.org/W4285004879,,
pavey2017,Field evaluation of a random forest activity classifier for wrist-worn accelerometer data,"Toby Pavey,Nicholas D. Gilson,Sjaan R. Gomersall,Bronwyn Clark,Stewart G. Trost",Journal of science and medicine in sport,2017,Physical Activity and Health,153,0,,,,"In lab, Free living",,,https://doi.org/10.1016/j.jsams.2016.06.003,https://www.mendeley.com/catalogue/26f43da9-e165-31f1-9b18-000c9ed86ed1/,https://openalex.org/W2469746617,https://pubmed.ncbi.nlm.nih.gov/27372275,
pham2020,Wearable Sensor System to Monitor Physical Activity and the,"Sean Pham,Danny Yeap,Gisela Escalera,Rupa Basu,Xiangmei Wu,Nicholas J. Kenyon,Irva Hertz‐Picciotto,Michelle Ko,Cristina E. Davis",Sensors,2020,Non-Invasive Vital Sign Monitoring,56,16,,,,Unknown,Multiple Activities,Accuracy,https://doi.org/10.3390/s20030855,https://www.mendeley.com/catalogue/215414e4-b2c5-3d6c-9be4-34f74e35f8e6/,https://openalex.org/W3005291713,https://pubmed.ncbi.nlm.nih.gov/32041097,https://www.ncbi.nlm.nih.gov/pmc/articles/7039288
phukan2022,Convolutional Neural Network-Based Human Activity Recognition for Edge Fitness and Context-Aware Health Monitoring Devices,"Nabasmita Phukan,Shailesh Mohine,Achinta Mondal,M. Sabarimalai Manikandan,Ram Bilas Pachori",IEEE Sensors Journal,2022,Context-Aware Activity Recognition Systems,33,0,,,,,,,https://doi.org/https://doi.org/10.1109/jsen.2022.3206916,,https://openalex.org/W4296558744,,
pobiruchin2017,Accuracy and Adoption of Wearable Technology Used by Active Citizens: A Marathon Event Field Study,"Monika Pobiruchin,Julian Suleder,Richard Zowalla,Martin Wiesner",JMIR mhealth and uhealth,2017,Physical Activity and Health,72,0,,,,,,,https://doi.org/10.2196/mhealth.6395,https://www.mendeley.com/catalogue/b925829c-60f1-311e-8d33-01f0b9465a40/,https://openalex.org/W2592870937,https://pubmed.ncbi.nlm.nih.gov/28246070,https://www.ncbi.nlm.nih.gov/pmc/articles/5350460
powell2017,Simultaneous validation of five activity monitors for use in adult populations,"Cormac Powell,Brian P. Carson,Kieran Dowd,Alan Donnelly",Scandinavian Journal of Medicine and Science in Sports,2017,Physical Activity and Health,48,56,"ActiGraph GT3X, ActiGraph GT1M, ActivPal, ActivPal 3, GeneActiv",Wearable,"ActiGraph, PAL Technologies, Activinsights",In lab,Multiple Activities,Mean Error,https://doi.org/10.1111/sms.12813,https://www.mendeley.com/catalogue/6be78b33-522f-3f0b-bfbf-6b73b2da9a3d/,https://openalex.org/W2557272643,https://pubmed.ncbi.nlm.nih.gov/27905148,
pradeepkumar2020,Sensor-based characterization of daily walking: a new paradigm in pre-frailty/frailty assessment,"Danya Pradeep Kumar,Nima Toosizadeh,Jane Mohler,Hossein Ehsani,Cassidy Mannier,Kaveh Laksari",BMC Geriatrics,2020,Frailty in Older Adults,40,0,"PAMSys,",Wearable,BioSensics,In lab,Walking,Accuracy,https://doi.org/10.1186/s12877-020-01572-1,https://www.mendeley.com/catalogue/fb6bc35f-5d3f-35a4-9b65-ef58a4fdadf8/,https://openalex.org/W3021352319,https://pubmed.ncbi.nlm.nih.gov/32375700,https://www.ncbi.nlm.nih.gov/pmc/articles/7203790
qi2019,Experimental Analysis of Artificial Neural Networks Performance for Physical Activity Recognition Using Belt and Wristband Devices,"Jun Qi,Yun Yang,Xiyang Peng,Lee Newcombe,Andrew Simpson,Po Yang",2019 41st Annual International Conference of the IEEE Engineering in Medicine and Biology Society (EMBC),2019,Context-Aware Activity Recognition Systems,4,10,Shimmer 3 ,Wearable,Shimmer Research,In home,Multiple Activities,Accuracy,https://doi.org/10.1109/EMBC.2019.8856617,https://www.mendeley.com/catalogue/60efe78d-4a69-3668-82ab-85d277971818/,https://openalex.org/W2979397466,https://pubmed.ncbi.nlm.nih.gov/31946403,
ranganathan2017,Identifying compensatory movement patterns in the upper extremity using a wearable sensor system,"Rajiv Ranganathan,Rui Wang,Bo Dong,Subir Biswas",Physiological Measurement,2017,Stroke Rehabilitation and Recovery,34,0,,,,,,,https://doi.org/10.1088/1361-6579/aa9835,https://www.mendeley.com/catalogue/88605bb3-c130-3012-a9d5-cd8507a4ebdb/,https://openalex.org/W2766557230,https://pubmed.ncbi.nlm.nih.gov/29099724,
rashid2022,AHAR: Adaptive CNN for Energy-Efficient Human Activity Recognition in Low-Power Edge Devices,"Nafiul Rashid,Berken Utku Demirel,Mohammad Abdullah Al Faruque",IEEE Internet of Things Journal,2022,Context-Aware Activity Recognition Systems,110,0,,,,,,,https://doi.org/https://doi.org/10.1109/jiot.2022.3140465,,https://openalex.org/W3128348732,,
restrepo2022,Use of a Multi-Sensor Monitoring Device in an Early Post-operative Mobilization Program,"Alexis Restrepo,Amit Saha,Ashish K. Khanna,Emily J. Huang,Clancy J. Clark",The American Surgeon,2022,Enhanced Recovery After Surgery,2,0,,,,,,,https://doi.org/https://doi.org/10.1177/00031348221087196,,https://openalex.org/W4224092560,https://pubmed.ncbi.nlm.nih.gov/35430918,
robertslewis2021,Validity of Fitbit activity monitoring for adults with progressive muscle diseases,"Sarah F. Roberts-Lewis,Claire White,Mark Ashworth,Michael R. Rose",Disability and Rehabilitation,2021,Physical Activity and Health,15,115,Fitbit Charge HR,Wearable,Fitbit,In lab,"Sitting, Walking, Cycling, Free Living ","MAPE, Correlation",https://doi.org/10.1080/09638288.2021.1995057,https://www.mendeley.com/catalogue/e3252751-c35a-3122-a360-502fb1cd65dc/,https://openalex.org/W3209859865,https://pubmed.ncbi.nlm.nih.gov/34719329,
rodriguezmartin2017,Home detection of freezing of gait using support vector machines through a single waist-worn triaxial accelerometer,"Daniel Rodríguez-Martín,Albert Samà,Carlos Pérez‐López,Andreu Català,Joan M. Moreno Arostegui,Joan Cabestany,Àngels Bayés,Sheila Alcaine,Berta Mestre,Anna Prats,M. Cruz Crespo,Timothy J. Counihan,Patrick Browne,Leo R. Quinlan,Gearóid ÓLaighin,Dean Sweeney,Hadas Lewy,Joseph Azuri,Gabriel Vainstein,Roberta Annicchiarico,Alberto Costa,Alejandro Rodríguez‐Molinero",PLoS ONE,2017,"Balance, Gait, and Falls Prevention",209,0,,,,,,,https://doi.org/10.1371/journal.pone.0171764,https://www.mendeley.com/catalogue/5feed952-ac6a-372c-b745-d3b1572cc968/,https://openalex.org/W2588989789,https://pubmed.ncbi.nlm.nih.gov/28199357,https://www.ncbi.nlm.nih.gov/pmc/articles/5310916
roos2017,Validity of sports watches when estimating energy expenditure during running,"Lilian Roos,Wolfgang Taube,Nadja Beeler,Thomas Wyss",BMC Sports Science Medicine and Rehabilitation,2017,Muscle metabolism and nutrition,41,0,,,,,,,https://doi.org/10.1186/s13102-017-0089-6,https://www.mendeley.com/catalogue/5fade947-dca5-3a43-9207-e8b0df6a4606/,https://openalex.org/W2780713220,https://pubmed.ncbi.nlm.nih.gov/29296281,https://www.ncbi.nlm.nih.gov/pmc/articles/5738849
saggin2019,Validation of a Simple Metabolic-Equivalent-of-Task Sensor Based on a Low-Cost NFC RFID Wristband,"Benjamin Saggin,Yassin Belaizi,Denis Mottet,Simon Pla,Karima Bakhti,Sylvain Fazilleau,Arnaud Vena,Brice Sorli",IEEE Sensors Journal,2019,Context-Aware Activity Recognition Systems,2,0,NFC RFID Wristband,Wearable,Custom,Unknown,"5mph Walking, 6mph Walking, 7mph Walking",Relative Percent Error,https://doi.org/10.1109/JSEN.2018.2858019,https://www.mendeley.com/catalogue/8a3af44e-5669-383a-92aa-ab729604fcd2/,https://openalex.org/W2883144587,,
sano2022,Influence of upper limb activity on the step count and accuracy of sleep time of a wristband-type physical activity tracker,"Nobuyuki Sano,Takanori Taniguchi,Hisato Nakazono",PLoS ONE,2022,Physical Activity and Health,1,0,,,,,,,https://doi.org/10.1371/journal.pone.0271155,https://www.mendeley.com/catalogue/8e66c2b8-ec83-3ef8-b527-db51869a3b0d/,https://openalex.org/W4284960742,https://pubmed.ncbi.nlm.nih.gov/35802885,
saponaro2019,Estimating Physical Activity Intensity And Energy Expenditure Using Computer Vision On Videos,"Philip Saponaro,Haoran Wei,Gregory M. Dominick,Chandra Kambhamettu",2022 IEEE International Conference on Image Processing (ICIP),2019,Context-Aware Activity Recognition Systems,2,50,ActiGraph GT3X,Wearable,ActiGraph,In lab,Walking,"Accuracy, Mean Error",https://doi.org/10.1109/ICIP.2019.8803535,https://www.mendeley.com/catalogue/5878422e-1cfd-379c-96ec-fe5bee7e0d6b/,https://openalex.org/W2970029878,,
sarder2022,Human Activity Recognition Using Time Series and Machine Learning Techniques,"Apu Sarder,M. Raihan,Md. Mehedi Hassan,Nasif Alvi,Md Mehedi Hasan Rabbi,MD Hasan Mirja",ICCA '22: Proceedings of the 2nd International Conference on Computing Advanceme,2022,Context-Aware Activity Recognition Systems,0,0,,,,,,,https://doi.org/10.1145/3542954.3543011,https://www.mendeley.com/catalogue/d9ec8607-f112-3918-8685-8f85f268c2db/,https://openalex.org/W4290996018,,
sawai2022,Relationship between the evaluation of lifestyle factors of elderly people as measured by the Health Wrist Watch and the health index,"Asuka Sawai,Mayu ENDO,Yuho SUZUKI,Kaito WATANABE,Shinya SAWAI,Kotaro Yamasue,Yuichi BANNAI,Yuichi TAKEDA,Tetsuya FUJIKAWA,Masato OHNO,Hitoshi FUJII,Osamu Tochikubo",Gazzetta Medica Italiana Archivio per le Scienze Mediche,2022,Frailty in Older Adults,0,0,,,,,,,https://doi.org/10.23736/S0393-3660.19.04246-3,https://www.mendeley.com/catalogue/22feaf62-dd36-3679-89d6-b4204c01e628/,https://openalex.org/W4283374449,,
saygin2022,Consumer-based activity trackers in evaluation of physical activity in myositis patients,"Didem Saygın,Bonny Rockette‐Wagner,Chester V. Oddis,Nicole Neiman,Diane Koontz,Siamak Moghadam‐Kia,Rohit Aggarwal",Lara D. Veeken,2022,Systemic Sclerosis and Related Diseases,19,0,,,,,,,https://doi.org/10.1093/rheumatology/keab700,https://www.mendeley.com/catalogue/565bde1e-f273-3c74-903a-a4d5736b1b73/,https://openalex.org/W3199760772,https://pubmed.ncbi.nlm.nih.gov/34528065,
shahmohammadi2017,Smartwatch Based Activity Recognition Using Active Learning,"Farhad Shahmohammadi,Anahita Hosseini,Christine King,Majid Sarrafzadeh","2017 IEEE/ACM International Conference on Connected Health: Applications, Systems and Engineering Technologies (CHASE)",2017,Context-Aware Activity Recognition Systems,71,12,Samsung Gear Live,Wearable,Samsung,In lab,Multiple Activities,Accuracy,https://doi.org/10.1109/CHASE.2017.115,https://www.mendeley.com/catalogue/93f67ac0-fe32-3e7b-8b99-05747ac4e009/,https://openalex.org/W2748818549,,
shaik2022,AI Enabled RPM for Mental Health Facility,"Thanveer Shaik,Xiaohui Tao,Niall Higgins,Haoran Xie,Raj Gururajan,Xujuan Zhou",MWSSH '22: Proceedings of the 1st ACM Workshop on Mobile and Wireless Sensing for Smart Healthca,2022,Healthcare Technology and Patient Monitoring,9,0,,,,,,,https://doi.org/10.1145/3556551.3561191,https://www.mendeley.com/catalogue/7a685de9-319c-36e0-b5d1-4be583a3eeac/,https://openalex.org/W4302363068,,
sharma2022,A Transformer Based Approach for Activity Detection,"Gulshan Sharma,Abhinav Dhall,Ramanathan Subramanian",Proceedings of the 30th ACM International Conference on Multimedia,2022,Context-Aware Activity Recognition Systems,6,0,,,,,,,https://doi.org/https://doi.org/10.1145/3503161.3551598,https://www.mendeley.com/catalogue/b71d79d3-7254-3c93-ae3a-2727b98c06c8/,https://openalex.org/W4304098232,,
shih2017,Collaborative Sensing for Privacy Preserving Gait Tracking Using IoT Middleware,"Chi‐Sheng Shih,Tim-Yuao Wang,Jyun‐Jhe Chou,Ze-Yu Chuang,Ching-Chi Chuang,Kwei-Jay Lin,Wei-Dean Wang,Kuo‐Chin Huang",RACS '17: Proceedings of the International Conference on Research in Adaptive and Convergent Syste,2017,Gait Recognition and Analysis,5,0,,,,Unknown,,,https://doi.org/10.1145/3129676.3129696,https://www.mendeley.com/catalogue/735b0c9d-6d15-38db-b93b-eabb64ae18d0/,https://openalex.org/W2766176836,,
shimizu2021,DeskWalk: An Exercise System by Replacing Key Inputs with Body Movements,"Yusuke Shimizu,Ayumi Ohnishi,Tsutomu Terada,Masahiko Tsukamoto",MoMM '20: Proceedings of the 18th International Conference on Advances in Mobile Computing & Multime,2021,Innovative Human-Technology Interaction,1,0,,,,,,,https://doi.org/10.1145/3428690.3429165,https://www.mendeley.com/catalogue/dae60989-3c2e-3b89-bb99-5ef131287db7/,https://openalex.org/W3125837404,,
shin2019,"Wearable activity trackers, accuracy, adoption, acceptance and health impact: A systematic literature review","Grace Shin,Mohammad Hossein Jarrahi,Fei Yu,Amir Karami,Nicci Gafinowitz,Ahjung Byun,Xiaopeng Lu",Journal of Biomedical Informatics,2019,Mobile Health and mHealth Applications,287,0,,,,Unknown,,,https://doi.org/10.1016/j.jbi.2019.103153,https://www.mendeley.com/catalogue/1dd6e380-3945-34d9-8838-343683589eee/,https://openalex.org/W2927358919,https://pubmed.ncbi.nlm.nih.gov/30910623,
shwetar2022,Predicting physical activity intensity using raw accelerometer signals in manual wheelchair users with spinal cord injury.,"Yousif Shwetar,Zijian Huang,Akhila Veerubhotla,Steven Knezevic,Eunkyoung Hong,Ann M. Spungen,Dan Ding",Spinal Cord,2022,Spinal Cord Injury Research,6,0,,,,,,,https://doi.org/10.1038/s41393-021-00728-z,https://www.mendeley.com/catalogue/8fa4f766-ff4b-313e-ade4-604b7cac67b9/,https://openalex.org/W3217720190,https://pubmed.ncbi.nlm.nih.gov/34819608,
siddall2019,Validity of energy expenditure estimation methods during 10 days of military training,"Andrew G. Siddall,Steven Powell,Sarah Needham‐Beck,Victoria C. Edwards,Jane Thompson,Sarah S. Kefyalew,Priya Singh,Elise R. Orford,Michelle Venables,Sarah S. Jackson,Julie P. Greeves,Sam D. Blacker,Steve Myers",Scandinavian Journal of Medicine and Science in Sports,2019,Physical Activity and Health,32,20,"GeneActiv, Fitbit Surge",Wearable,"Activinsights, Fitbit",Other,Multiple Activities,Mean Error,https://doi.org/10.1111/sms.13488,https://www.mendeley.com/catalogue/71fd8bfc-094c-3eb8-b9aa-accaadb5f0ad/,https://openalex.org/W2947956108,https://pubmed.ncbi.nlm.nih.gov/31136027,
sinkovec2020,Accuracy of “S Health” pedometer application during walking and stair climbing,"MATEJA SINKOVEC,Darja Rugelj",Baltic Journal of Health and Physical Activity,2020,Physical Activity and Health,4,26,"SHealth on SamsungS9, SHealth on SamsungA7, SHealth on SamsungJ4+, SHealth on SamsungA5, SHealth on Huawei P9 Lite",Smartphone app,Samsung,In lab,"20 Steps, 60 Stair Climb, 6 min Walking Test",MAPE,https://doi.org/https://doi.org/10.29359/bjhpa.12.4.09,https://www.mendeley.com/catalogue/5619bd83-f956-37e3-b71a-e1f42938d56d/,https://openalex.org/W3118646399,,
smith2017,Accelerometric estimates of physical activity vary unstably with data handling,"Maia P. Smith,Marie Standl,Joachim Heinrich,Holger Schulz",PLoS ONE,2017,Physical Activity and Health,8,0,,,,,,,https://doi.org/10.1371/journal.pone.0187706,https://www.mendeley.com/catalogue/27acf52b-9810-346e-a0f6-04206ca6260a/,https://openalex.org/W2767531709,https://pubmed.ncbi.nlm.nih.gov/29108029,https://www.ncbi.nlm.nih.gov/pmc/articles/5673210
soraya2017,IoT/M2M wearable-based activity-calorie monitoring and analysis for elders,"Sabrina I. Soraya,Ting-Hui Chiang,Guo-Jing Chan,Yi-Juan Su,Chih‐Wei Yi,Yu–Chee Tseng,Yu-Tai Ching",2017 39th Annual International Conference of the IEEE Engineering in Medicine and Biology Society (EMBC),2017,Context-Aware Activity Recognition Systems,8,6,Caregiver app on Gateway Device,Smartphone app,Custom,Unknown,"Drinking Motions, Washing Hands, Urinating, Defecating","Recall, Precision, Accuracy",https://doi.org/10.1109/EMBC.2017.8037337,https://www.mendeley.com/catalogue/9f41500a-9eb2-37f4-b361-fa5e313de033/,https://openalex.org/W2755876055,https://pubmed.ncbi.nlm.nih.gov/29060379,
tahir2022,Stochastic Recognition of Human Physical Activities via Augmented Feature Descriptors and Random Forest Model.,"Sheikh Badar ud din Tahir,Abdul Basit Dogar,Rubia Fatima,Affan Yasin,Muhammad Shafiq,Javed Ali Khan,Muhammad Assam,Abdullah Mohamed,El-Awady Attia",Sensors,2022,Context-Aware Activity Recognition Systems,14,0,,,,,,,https://doi.org/10.3390/s22176632,https://www.mendeley.com/catalogue/2ce7b7c1-61e6-3ef4-bf0b-29b5739013ab/,https://openalex.org/W4295079697,https://pubmed.ncbi.nlm.nih.gov/36081091,
tamura2019,Wearable oxygen uptake and energy expenditure monitors,T. Tamura,Physiological Measurement,2019,Cardiovascular and exercise physiology,7,0,,,,Unknown,,,https://doi.org/10.1088/1361-6579/ab3827,https://www.mendeley.com/catalogue/dc90844a-d006-351c-8c84-757fd87921ae/,https://openalex.org/W2964768215,https://pubmed.ncbi.nlm.nih.gov/31374560,
tedesco2019,Accuracy of consumer-level and research-grade activity trackers in ambulatory settings in older adults,"Salvatore Tedesco,Marco Sica,Andrea Ancillao,Suzanne Timmons,John Barton,Brendan O’Flynn",PLoS ONE,2019,Physical Activity and Health,102,18,,,,In lab,,,https://doi.org/10.1371/journal.pone.0216891,https://www.mendeley.com/catalogue/3b2a09c6-f6e8-3df2-b1e7-03d458af521a,https://openalex.org/W2946778292,https://pubmed.ncbi.nlm.nih.gov/31112585,https://www.ncbi.nlm.nih.gov/pmc/articles/6529154
thiebaud2018,Validity of wrist-worn consumer products to measure heart rate and energy expenditure,"Robert S. Thiebaud,Merrill D. Funk,Jacelyn C Patton,Brook L Massey,Terri E. Shay,Martin G. Schmidt,Nicolas Giovannitti",Digital Health,2018,Color perception and design,54,22,"Fitbit Surge, TomTom Cardio, Microsoft Band",Wearable,"Fitbit, TomTom, Microsoft",In lab,"3.2 km/h Treadmill, 4.8 km/h Treadmill, 6.4 km/h Treadmill, 8 km/h Treadmill, 9.7 km/h Treadmill",MAPE,https://doi.org/10.1177/2055207618770322,https://www.mendeley.com/catalogue/8ff21606-52f4-348e-a82d-1ab6d2a6805a/,https://openalex.org/W2797129112,https://pubmed.ncbi.nlm.nih.gov/29942628,https://www.ncbi.nlm.nih.gov/pmc/articles/6001222
thorup2017,Accuracy of a step counter during treadmill and daily life walking by healthy adults and patients with cardiac disease.,"Charlotte Brun Thorup,Jan Jesper Andreasen,Erik Elgaard Sørensen,Mette Grønkjær,Birthe Dinesen,John Hansen",BMJ Open,2017,Heart Rate Variability and Autonomic Control,49,44,Fitbit Zip,Wearable,Fitbit,"In lab, In home","Treadmill Walking and Running, Free Living , Walking","Relative Percent Error, Intraclass Correlation Coefficient",https://doi.org/10.1136/bmjopen-2016-011742,https://www.mendeley.com/catalogue/6d6b7496-278f-3422-ac78-d7fe937a7112/,https://openalex.org/W2601810990,https://pubmed.ncbi.nlm.nih.gov/28363918,https://www.ncbi.nlm.nih.gov/pmc/articles/5387973
tophoj2018,Validity and Reliability Evaluation of Four Commercial Activity Trackers' Step Counting Performance,"Katrine Hauer Tophøj,Matilde Grøndahl Petersen,Casper Sæbye,Thomas Baad‐Hansen,Stefan Wagner",Telemedicine Journal and e-Health,2018,Physical Activity and Health,20,20,"Fitbit Surge, Fitbit Charge HR, Microsoft Band, 101NFC Activity Monitor",Wearable,"Fitbit, Microsoft, ""A&D
""",Unknown,100 Step Walking,"MAPE, Standard Deviation, Intraclass Correlation Coefficient",https://doi.org/10.1089/tmj.2017.0264,https://www.mendeley.com/catalogue/c72cb9ea-279e-3b3c-890f-d1af3260760e/,https://openalex.org/W2781981952,https://pubmed.ncbi.nlm.nih.gov/29303680,
toth2017,"StepWatch accuracy during walking, running, and intermittent activities","Lindsay P. Toth,David R. Bassett,Scott E. Crouter,Brittany S. Overstreet,Samuel R. LaMunion,Susan Park,Shahnawaz Notta,Cary M. Springer",Gait & Posture,2017,Physical Activity and Health,12,0,,,,,,,https://doi.org/10.1016/j.gaitpost.2016.11.035,https://www.mendeley.com/catalogue/b4640e42-cad5-38e5-825b-874bc66280e1/,https://openalex.org/W2551309778,https://pubmed.ncbi.nlm.nih.gov/27914311,
treacy2017,Validity of Different Activity Monitors to Count Steps in an Inpatient Rehabilitation Setting,"Daniel Treacy,Leanne Hassett,Karl Schurr,Sakina Chagpar,Serene S. Paul,Catherine Sherrington",Physical Therapy,2017,Stroke Rehabilitation and Recovery,133,0,,,,,,,https://doi.org/10.1093/ptj/pzx010,https://www.mendeley.com/catalogue/c5c609f2-85a9-36c7-9158-399039733d7e/,https://openalex.org/W2593921287,https://pubmed.ncbi.nlm.nih.gov/28339904,
vaizman2018,Context Recognition In-the-Wild: Unified Model for Multi-Modal Sensors and Multi-Label Classification,,,2018,,,0,,,,Unknown,"Body State Activities, Home Activities",Accuracy,,https://www.mendeley.com/catalogue/03ad9bc6-0147-3d38-bd14-06d4306edabc/,,,
vargemidis2020,Wearable Physical Activity Tracking Systems for Older Adults—A Systematic Review,"Dimitri Vargemidis,Kathrin Gerling,Katta Spiel,Vero Vanden Abeele,Luc Geurts",ACM Transactions on Computing for Healthcare,2020,Innovative Human-Technology Interaction,39,0,,,,Unknown,,,https://doi.org/10.1145/3402523,https://www.mendeley.com/catalogue/2d26a7f7-7aeb-3d4a-abef-dd017d2041df/,https://openalex.org/W3090839650,,
vargemidis2022,Flexible Activity Tracking for Older Adults Using Mobility Aids — An Exploratory Study on Automatically Identifying Movement Modality,"Dimitri Vargemidis,Kathrin Gerling,Luc Geurts,Vero Vanden Abeele",ASSETS '22: Proceedings of the 24th International ACM SIGACCESS Conference on Computers and Accessibility,2022,Assistive Technology in Communication and Mobility,1,0,,,,,,,https://doi.org/10.1145/3517428.3550371,https://www.mendeley.com/catalogue/32022930-3812-3821-8ba2-ebdb06903e2e/,https://openalex.org/W4307136632,,
veerubhotla2020,Estimation of Physical Activity Intensity in Spinal Cord Injury Using a Wrist-Worn ActiGraph Monitor,"Akhila Veerubhotla,Eunkyoung Hong,Steven Knezevic,Ann M. Spungen,Dan Ding",Archives of Physical Medicine and Rehabilitation,2020,Physical Activity and Health,10,34,ActiGraph GT3X+,Wearable,ActiGraph,In lab,"Multiple Activities, Sedentary Position, Light Exercise, Moderate/Vigorous Physical Activity","Accuracy, MAPE",https://doi.org/10.1016/j.apmr.2020.05.014,https://www.mendeley.com/catalogue/9e0000e1-5879-3d3b-8035-25ef19b7ad3e/,https://openalex.org/W3033070824,https://pubmed.ncbi.nlm.nih.gov/32502566,
venkatnarayan2019,Enhancing Indoor Inertial Odometry with WiFi,"Raghav H. Venkatnarayan,Muhammad Shahzad",Proceedings of the ACM on Interactive Mobile Wearable and Ubiquitous Technologies,2019,Indoor and Outdoor Localization Technologies,21,6,WiFi-assisted Inertial Odometry,Smartphone app,Custom,In lab,"walking 12ft straight line, walking circular arc, walking oval path with changing speeds",Median Percent Error,https://doi.org/10.1145/3328918,https://www.mendeley.com/catalogue/d1f167d7-39f4-3f8d-9246-0d01f2f3d79e/,https://openalex.org/W2955453892,,
wang2017,Evaluation on Step Counting Performance of Wristband Activity Monitors in Daily Living Environment,"Lei Wang,Tao Liu,Yihui Wang,Qingguo Li,Jingang Yi,Yoshio INOUE",IEEE Access,2017,Physical Activity and Health,18,9,"Huawei B1, Xiaomi Mi Band 2, Fitbit Charge HR, Polar Loop, Garmin Vivofit 2, Misfit Shine, Jawbone UP24",Wearable,"Huawei, Xiaomi Corporation, Fitbit, Polar, Garmin, Misfit, Jawbone",In lab,"PAS (walking with arm swing under preferred speed), PAC (walking with arm constraint under preferred speed), FAS ( walking with arm swing under faster speed), FAC (walking with arm constraint under faster speed), SAS (walking with arm swing under slower speed), SAC (walking with arm constraint under slower speed), WP (Walking along winding path)",MAPE,https://doi.org/10.1109/ACCESS.2017.2721098,https://www.mendeley.com/catalogue/cef18ef8-7d74-3f16-ab15-b63a21327ce3/,https://openalex.org/W2724664581,,
witt2019,Windows into human health through wearables data analytics,"Daniel R. Witt,Ryan Kellogg,M Snyder,Jessilyn Dunn",Current Opinion in Biomedical Engineering,2019,Non-Invasive Vital Sign Monitoring,135,0,,,,Unknown,,,https://doi.org/10.1016/j.cobme.2019.01.001,https://www.mendeley.com/catalogue/b1843d74-c430-363f-b63c-e845288fea02/,https://openalex.org/W2914376548,https://pubmed.ncbi.nlm.nih.gov/31832566,https://www.ncbi.nlm.nih.gov/pmc/articles/6907085
wong2020,Activity Recognition and Stress Detection via Wristband,"Johnny Chun Yiu Wong,Jun Wang,Eugene Yujun Fu,Hong Va Leong,Grace Ngai",MoMM2019: Proceedings of the 17th International Conference on Advances in Mobile Computing & Multime,2020,Emotion and Mood Recognition,13,0,,,,,,,https://doi.org/10.1145/3365921.3365950,https://www.mendeley.com/catalogue/904a9efd-7d67-3337-8a0c-e3cbb85b3ad5/,https://openalex.org/W3007826334,,
xiao2019,Caloric Expenditure Estimation from Human Kinetic Energy in Wearable Devices,"Ling Xiao,Kai Wu,Juan Luo",Adjunct Proceedings of the 2019 ACM International Joint Conference on Pervasive and Ubiquitous Computing and Proceedings of the 2019 ACM International Symposium on Wearable Computers,2019,Green IT and Sustainability,1,10,,,,In home,"Sitting, Lying, Walking, Running, Light Exercise, Moderate Exercise, Vigorous Activity","Accuracy, MAE",https://doi.org/10.1145/3341162.3343816,https://www.mendeley.com/catalogue/769a94dd-c978-30f6-a0aa-72bd27729a21/,https://openalex.org/W2973133637,,
yang2019,Validity and Reliability of the Wristband Activity Monitor in Free-living Children Aged 10-17 Years.,"Xi Yang,Russell Jago,Qian Zhang,Yu Ying Wang,Jian Zhang,Wen Hua Zhao",PubMed,2019,"Obesity, Physical Activity, Diet",13,99,,,,In home,Free Living ,MAPE,https://doi.org/10.3967/bes2019.103,https://www.mendeley.com/catalogue/b90c5977-acb8-3a32-a48f-3c590815f952/,https://openalex.org/W2995374734,https://pubmed.ncbi.nlm.nih.gov/31910939,
yano2019,Physical Activity and Sedentary Behavior Assessment: A Laboratory-Based Evaluation of Agreement between Commonly Used ActiGraph and Omron Accelerometers,"Shohei Yano,Mohammad Javad Koohsari,Ai Shibata,Kaori Ishii,Levi Frehlich,Gavin R. McCormack,Koichiro Oka",International Journal of Environmental Research and Public Health,2019,Physical Activity and Health,12,30,Active Style Pro,Wearable,Omron,In lab,"Jogging, Laying, Sitting, Standing, Slow Walking, Walking, Fast Pace Walking",Mean Error,https://doi.org/10.3390/ijerph16173126,https://www.mendeley.com/catalogue/b5dbb0f1-62bb-381e-9c86-89604c80ed0a/,https://openalex.org/W2970863664,https://pubmed.ncbi.nlm.nih.gov/31466248,https://www.ncbi.nlm.nih.gov/pmc/articles/6747086
yavelberg2018,A Pilot Study Validating Select Research-Grade and Consumer-Based Wearables Throughout a Range of Dynamic Exercise Intensities in Persons With and Without Type 1 Diabetes: A Novel Approach,"Loren Yavelberg,Dessi P. Zaharieva,Ali Çιnar,Michael C. Riddell,Veronica Jamnik",Journal of Diabetes Science and Technology,2018,Physical Activity and Health,26,25,,,,In lab,,,https://doi.org/10.1177/1932296817750401,https://www.mendeley.com/catalogue/4b9a063d-88a4-3f64-9f69-e8c914288723/,https://openalex.org/W2783980216,https://pubmed.ncbi.nlm.nih.gov/29320885,https://www.ncbi.nlm.nih.gov/pmc/articles/6154246
zainudin2017-1,Monitoring daily fitness activity using accelerometer sensor fusion,"Muhammad Noorazlan Shah Zainudin,Md. Nasir Sulaiman,Aida Mustapha,Thinagaran Perumal",2017 IEEE International Symposium on Consumer Electronics (ISCE),2017,Context-Aware Activity Recognition Systems,12,0,SHealth on SamsungS2,Smartphone app,Samsung,Unknown,Multiple Activities,"Precision, Recall",https://doi.org/10.1109/isce.2017.8355540,https://www.mendeley.com/catalogue/2386317b-584d-31d3-814e-40ee466901d4/,https://openalex.org/W2802959802,,
zainudin2017-2,Recognizing Complex Human Activities using Hybrid Feature Selections based on an Accelerometer Sensor,"Muhammad Noorazlan Shah Zainudin,Md. Nasir Sulaiman,Norwati Mustapha,Thinagaran Perumal,Raihani Mohamed",International Journal of Technology,2017,Context-Aware Activity Recognition Systems,8,0,,,,,,,https://doi.org/10.14716/ijtech.v8i5.879,https://www.mendeley.com/catalogue/aa79dc06-c8e7-3a9e-b526-03ba054b0124/,https://openalex.org/W2767201946,,
zanwar2018,"Assistive Technology Megatrends to Support Persons with Alzheimer's Disease and Related Dementias Age in Habitat: Challenges for Usability, Engineering and Public Policy","Preeti Zanwar,Patricia Heyn,Greg McGrew,Mukaila Raji",Proceedings of the Workshop on Human-Habitat for Health (H3): Human-Habitat Multimodal Interaction for Promoting Health and Well-Being in the Internet of Things Era,2018,Technology Use by Older Adults,10,0,,,,Unknown,,,https://doi.org/10.1145/3279963.3279971,https://www.mendeley.com/catalogue/76039d3c-90e9-3637-a11a-88cb2492b5e2/,https://openalex.org/W2899479342,,
zelman2020,Accelerometer-Based Automated Counting of Ten Exercises without Exercise-Specific Training or Tuning,"Samuel Zelman,Michael Dow,Thasina Tabashum,Ting Xiao,Mark V. Albert",Journal of Healthcare Engineering,2020,Physical Activity and Health,8,18,"Sensor Log on LG Optimus S
",Smartphone app,Custom,In lab,"Arm circle, Bicep curl, Bridge, Crunch, Elbow extension, Lower trunk rotation, Lunge, Push-ups, Squats, Upper trunk rotation",RMSE,https://doi.org/10.1155/2020/8869134,https://www.mendeley.com/catalogue/eb72b436-f91b-3253-b26e-fc340806f11b/,https://openalex.org/W3092278654,https://pubmed.ncbi.nlm.nih.gov/33101617,https://www.ncbi.nlm.nih.gov/pmc/articles/7569449
zhang2019,"Agreement between the Apple Series 1, LifeTrak Core C200, and Fitbit Charge HR with Indirect Calorimetry for Assessing Treadmill Energy Expenditure","Peng Zhang,Ryan D. Burns,You Fu,Steven Godin,Wonwoo Byun",International Journal of Environmental Research and Public Health,2019,Muscle metabolism and nutrition,6,30,"Apple Watch, LifeTrak, Fitbit Charge HR",Wearable,"Apple, LifeTrakUSA, Fitbit",In lab,Treadmill Walking and Running,Mean Error,https://doi.org/10.3390/ijerph16203812,https://www.mendeley.com/catalogue/742d494f-1572-3b52-9759-a1b1c26c01c6/,https://openalex.org/W2980073506,https://pubmed.ncbi.nlm.nih.gov/31658628,https://www.ncbi.nlm.nih.gov/pmc/articles/6843350
zhu2022,How Long Should GPS Recording Lengths Be to Capture the Community Mobility of An Older Clinical Population? A Parkinson's Example,"Lynn Zhu,Patrick Boissy,Christian Duval,Guangyong Zou,Mandar Jog,Manuel Montero‐Odasso,Mark Speechley",Sensors,2022,Older Adults Driving Studies,3,0,,,,,,,https://doi.org/10.3390/s22020563,https://www.mendeley.com/catalogue/78f65940-3852-3a28-a605-fcf1598f4947/,https://openalex.org/W4205146235,https://pubmed.ncbi.nlm.nih.gov/35062523,